,drug_name,total_claim_count_millions,total_day_supply_millions,total_drug_cost_millions
0,LEVOTHYROXINE SODIUM,42.0,2153.0,831.0
1,LISINOPRIL,38.0,1954.0,278.0
2,AMLODIPINE BESYLATE,36.0,1774.0,302.0
3,SIMVASTATIN,34.0,1844.0,343.0
4,OMEPRAZOLE,32.0,1487.0,519.0
5,ATORVASTATIN CALCIUM,32.0,1689.0,748.0
6,HYDROCODONE/ACETAMINOPHEN,32.0,656.0,669.0
7,METFORMIN HCL,27.0,1355.0,326.0
8,FUROSEMIDE,26.0,1077.0,133.0
9,METOPROLOL TARTRATE,21.0,995.0,144.0
10,GABAPENTIN,21.0,820.0,491.0
11,LOSARTAN POTASSIUM,18.0,941.0,258.0
12,WARFARIN SODIUM,17.0,648.0,194.0
13,POTASSIUM CHLORIDE,17.0,709.0,492.0
14,HYDROCHLOROTHIAZIDE,17.0,948.0,104.0
15,METOPROLOL SUCCINATE,17.0,881.0,682.0
16,CLOPIDOGREL BISULFATE,15.0,690.0,339.0
17,PRAVASTATIN SODIUM,14.0,762.0,433.0
18,CARVEDILOL,13.0,623.0,135.0
19,ALPRAZOLAM,13.0,392.0,93.0
20,ATENOLOL,13.0,732.0,94.0
21,TRAMADOL HCL,13.0,322.0,131.0
22,TAMSULOSIN HCL,12.0,561.0,274.0
23,PANTOPRAZOLE SODIUM,11.0,477.0,181.0
24,SERTRALINE HCL,11.0,456.0,123.0
25,ALBUTEROL SULFATE,10.0,276.0,582.0
26,CITALOPRAM HYDROBROMIDE,10.0,434.0,80.0
27,ZOLPIDEM TARTRATE,10.0,328.0,109.0
28,LORAZEPAM,10.0,267.0,79.0
29,TRAZODONE HCL,10.0,365.0,80.0
30,PREDNISONE,10.0,242.0,80.0
31,FLUTICASONE PROPIONATE,10.0,385.0,333.0
32,CLONAZEPAM,9.0,290.0,69.0
33,ROSUVASTATIN CALCIUM,9.0,405.0,2396.0
34,OXYCODONE HCL/ACETAMINOPHEN,9.0,179.0,492.0
35,"INSULIN GLARGINE,HUM.REC.ANLOG",8.0,299.0,3317.0
36,GLIPIZIDE,8.0,379.0,97.0
37,DONEPEZIL HCL,8.0,297.0,200.0
38,MELOXICAM,8.0,321.0,56.0
39,ALLOPURINOL,8.0,390.0,69.0
40,RANITIDINE HCL,7.0,288.0,88.0
41,ALENDRONATE SODIUM,7.0,337.0,76.0
42,ESCITALOPRAM OXALATE,7.0,256.0,148.0
43,LISINOPRIL/HYDROCHLOROTHIAZIDE,7.0,400.0,62.0
44,DULOXETINE HCL,7.0,242.0,1358.0
45,ESOMEPRAZOLE MAGNESIUM,7.0,284.0,2422.0
46,OXYCODONE HCL,7.0,176.0,1126.0
47,MONTELUKAST SODIUM,7.0,296.0,198.0
48,MEMANTINE HCL,7.0,174.0,1686.0
49,QUETIAPINE FUMARATE,7.0,226.0,848.0
50,DILTIAZEM HCL,6.0,256.0,226.0
51,AZITHROMYCIN,6.0,39.0,63.0
52,LATANOPROST,6.0,238.0,117.0
53,ISOSORBIDE MONONITRATE,6.0,253.0,98.0
54,FLUOXETINE HCL,6.0,250.0,88.0
55,FLUTICASONE/SALMETEROL,6.0,216.0,2138.0
56,LOSARTAN/HYDROCHLOROTHIAZIDE,6.0,295.0,96.0
57,LOVASTATIN,6.0,316.0,77.0
58,GLIMEPIRIDE,6.0,279.0,58.0
59,CIPROFLOXACIN HCL,6.0,53.0,39.0
60,MIRTAZAPINE,5.0,174.0,79.0
61,SPIRONOLACTONE,5.0,212.0,54.0
62,RISPERIDONE,5.0,137.0,103.0
63,TIOTROPIUM BROMIDE,5.0,205.0,1957.0
64,AMOXICILLIN,5.0,38.0,24.0
65,BUPROPION HCL,5.0,182.0,178.0
66,OXYBUTYNIN CHLORIDE,4.0,171.0,200.0
67,DICLOFENAC SODIUM,4.0,116.0,248.0
68,SULFAMETHOXAZOLE/TRIMETHOPRIM,4.0,52.0,22.0
69,ENALAPRIL MALEATE,4.0,203.0,57.0
70,SITAGLIPTIN PHOSPHATE,4.0,164.0,1592.0
71,DIGOXIN,4.0,193.0,178.0
72,VALSARTAN,4.0,181.0,909.0
73,AMITRIPTYLINE HCL,4.0,149.0,42.0
74,FINASTERIDE,4.0,237.0,97.0
75,DIVALPROEX SODIUM,4.0,131.0,428.0
76,IBUPROFEN,4.0,113.0,35.0
77,CEPHALEXIN,4.0,39.0,27.0
78,VENLAFAXINE HCL,4.0,172.0,182.0
79,HYDRALAZINE HCL,4.0,141.0,75.0
80,DIAZEPAM,4.0,99.0,27.0
81,PAROXETINE HCL,4.0,183.0,77.0
82,TRIAMTERENE/HYDROCHLOROTHIAZID,4.0,249.0,54.0
83,CLONIDINE HCL,4.0,175.0,38.0
84,FAMOTIDINE,4.0,138.0,39.0
85,PREGABALIN,4.0,127.0,1209.0
86,MORPHINE SULFATE,4.0,100.0,323.0
87,EZETIMIBE,3.0,147.0,898.0
88,BACLOFEN,3.0,90.0,57.0
89,FENTANYL,3.0,77.0,448.0
90,VALSARTAN/HYDROCHLOROTHIAZIDE,3.0,152.0,186.0
91,BUDESONIDE/FORMOTEROL FUMARATE,3.0,97.0,791.0
92,LEVOFLOXACIN,3.0,28.0,48.0
93,NIFEDIPINE,3.0,131.0,126.0
94,CYCLOBENZAPRINE HCL,3.0,78.0,54.0
95,DOXAZOSIN MESYLATE,3.0,133.0,85.0
96,ARIPIPRAZOLE,3.0,77.0,2310.0
97,"NEEDLES, INSULIN DISPOSABLE",3.0,149.0,135.0
98,INSULIN ASPART,3.0,84.0,1023.0
99,RIVAROXABAN,3.0,95.0,915.0
100,POLYETHYLENE GLYCOL 3350,3.0,83.0,75.0
101,BENAZEPRIL HCL,3.0,159.0,30.0
102,NAPROXEN,3.0,95.0,24.0
103,CARBIDOPA/LEVODOPA,3.0,108.0,113.0
104,TRIAMCINOLONE ACETONIDE,3.0,64.0,63.0
105,TEMAZEPAM,3.0,105.0,41.0
106,CELECOXIB,3.0,110.0,882.0
107,LEVETIRACETAM,3.0,105.0,185.0
108,OLANZAPINE,3.0,86.0,324.0
109,LAMOTRIGINE,3.0,103.0,137.0
110,TIZANIDINE HCL,3.0,87.0,89.0
111,AMIODARONE HCL,2.0,85.0,42.0
112,PREDNISOLONE ACETATE,2.0,68.0,153.0
113,FENOFIBRATE,2.0,104.0,117.0
114,INSULIN DETEMIR,2.0,76.0,905.0
115,PROPRANOLOL HCL,2.0,84.0,64.0
116,MECLIZINE HCL,2.0,45.0,32.0
117,TRAVOPROST,2.0,59.0,269.0
118,NYSTATIN,2.0,21.0,55.0
119,FENOFIBRATE NANOCRYSTALLIZED,2.0,88.0,251.0
120,TIMOLOL MALEATE,2.0,95.0,66.0
121,METHOTREXATE SODIUM,2.0,87.0,157.0
122,AMLODIPINE BESYLATE/BENAZEPRIL,2.0,109.0,125.0
123,GEMFIBROZIL,2.0,77.0,31.0
124,LANSOPRAZOLE,2.0,65.0,115.0
125,TOPIRAMATE,2.0,82.0,80.0
126,SOLIFENACIN SUCCINATE,2.0,67.0,489.0
127,VERAPAMIL HCL,2.0,100.0,56.0
128,ESTRADIOL,2.0,106.0,137.0
129,INSULIN LISPRO,2.0,65.0,753.0
130,BRIMONIDINE TARTRATE,2.0,74.0,207.0
131,IPRATROPIUM/ALBUTEROL SULFATE,2.0,44.0,377.0
132,AMOXICILLIN/POTASSIUM CLAV,2.0,22.0,41.0
133,TERAZOSIN HCL,2.0,108.0,22.0
134,LIDOCAINE,2.0,56.0,573.0
135,PIOGLITAZONE HCL,2.0,98.0,148.0
136,NITROGLYCERIN,2.0,49.0,47.0
137,DOXYCYCLINE HYCLATE,2.0,36.0,152.0
138,ROPINIROLE HCL,2.0,97.0,80.0
139,DORZOLAMIDE HCL/TIMOLOL MALEAT,2.0,73.0,51.0
140,BIMATOPROST,2.0,77.0,358.0
141,RAMIPRIL,2.0,130.0,59.0
142,ACETAMINOPHEN WITH CODEINE,2.0,34.0,24.0
143,METHYLPREDNISOLONE,2.0,17.0,48.0
144,BUSPIRONE HCL,2.0,81.0,48.0
145,NEBIVOLOL HCL,2.0,82.0,242.0
146,BENZTROPINE MESYLATE,2.0,66.0,23.0
147,DEXLANSOPRAZOLE,1.0,47.0,297.0
148,CLOBETASOL PROPIONATE,1.0,32.0,128.0
149,CYCLOSPORINE,1.0,49.0,525.0
150,MUPIROCIN,1.0,18.0,17.0
151,"INSULIN REGULAR, HUMAN",1.0,19.0,167.0
152,FLUOCINONIDE,1.0,16.0,46.0
153,LUBIPROSTONE,1.0,15.0,136.0
154,"ESTROGENS, CONJUGATED",1.0,59.0,236.0
155,NEPAFENAC,1.0,12.0,93.0
156,QUINAPRIL HCL,1.0,60.0,27.0
157,DORZOLAMIDE HCL,1.0,23.0,15.0
158,"SYRING W-NDL,DISP,INSUL,0.5 ML",1.0,42.0,26.0
159,METOLAZONE,1.0,25.0,21.0
160,OLMESARTAN MEDOXOMIL,1.0,61.0,283.0
161,MEGESTROL ACETATE,1.0,13.0,28.0
162,NIACIN,1.0,34.0,173.0
163,OFLOXACIN,1.0,14.0,9.0
164,DABIGATRAN ETEXILATE MESYLATE,1.0,46.0,444.0
165,MOXIFLOXACIN HCL,1.0,9.0,73.0
166,CILOSTAZOL,1.0,30.0,19.0
167,DUTASTERIDE,1.0,54.0,249.0
168,AZELASTINE HCL,1.0,21.0,45.0
169,RANOLAZINE,1.0,29.0,290.0
170,PROMETHAZINE HCL,1.0,17.0,16.0
171,ACYCLOVIR,1.0,27.0,41.0
172,MOMETASONE FUROATE,1.0,40.0,204.0
173,PRAMIPEXOLE DI-HCL,1.0,53.0,50.0
174,ZOSTER VACCINE LIVE/PF,1.0,4.0,170.0
175,COLCHICINE,1.0,31.0,218.0
176,LINAGLIPTIN,1.0,23.0,218.0
177,OXCARBAZEPINE,1.0,26.0,45.0
178,ASPIRIN/DIPYRIDAMOLE,1.0,19.0,203.0
179,CALCITRIOL,1.0,39.0,30.0
180,SUCRALFATE,1.0,34.0,72.0
181,LABETALOL HCL,1.0,39.0,44.0
182,HYDROXYZINE HCL,1.0,23.0,14.0
183,IBANDRONATE SODIUM,1.0,26.0,65.0
184,AMMONIUM LACTATE,1.0,18.0,15.0
185,CLINDAMYCIN HCL,1.0,7.0,9.0
186,HALOPERIDOL,1.0,29.0,36.0
187,HYDROMORPHONE HCL,1.0,19.0,61.0
188,METHOCARBAMOL,1.0,20.0,12.0
189,METHYLPHENIDATE HCL,1.0,16.0,45.0
190,NORTRIPTYLINE HCL,1.0,43.0,13.0
191,LIRAGLUTIDE,1.0,23.0,381.0
192,CHLORTHALIDONE,1.0,54.0,28.0
193,ERYTHROMYCIN BASE,1.0,7.0,12.0
194,BECLOMETHASONE DIPROPIONATE,1.0,23.0,97.0
195,TORSEMIDE,1.0,43.0,18.0
196,KETOROLAC TROMETHAMINE,1.0,19.0,19.0
197,IPRATROPIUM BROMIDE,1.0,22.0,63.0
198,RIVASTIGMINE,1.0,38.0,450.0
199,IRBESARTAN,1.0,59.0,46.0
200,INSULN ASP PRT/INSULIN ASPART,1.0,21.0,337.0
201,BRIMONIDINE TARTRATE/TIMOLOL,1.0,36.0,151.0
202,INSULIN NPH HUM/REG INSULIN HM,1.0,30.0,211.0
203,GLYBURIDE,1.0,49.0,23.0
204,NITROFURANTOIN MONOHYD/M-CRYST,1.0,14.0,42.0
205,"FENOFIBRATE,MICRONIZED",1.0,41.0,76.0
206,HYDROCORTISONE,1.0,21.0,19.0
207,ONDANSETRON HCL,1.0,14.0,31.0
208,LACTULOSE,1.0,29.0,28.0
209,BUMETANIDE,1.0,37.0,24.0
210,OMEGA-3 ACID ETHYL ESTERS,1.0,48.0,294.0
211,SITAGLIPTIN PHOS/METFORMIN HCL,1.0,40.0,363.0
212,OLMESARTAN/HYDROCHLOROTHIAZIDE,1.0,34.0,164.0
213,TOLTERODINE TARTRATE,1.0,22.0,126.0
214,SAXAGLIPTIN HCL,1.0,21.0,197.0
215,APIXABAN,1.0,26.0,244.0
216,CHLORHEXIDINE GLUCONATE,1.0,19.0,6.0
217,FLUCONAZOLE,1.0,14.0,26.0
218,"PEG 3350/NA SULF,BICARB,CL/KCL",1.0,1.0,7.0
219,NABUMETONE,1.0,27.0,20.0
220,"SYRINGE & NEEDLE,INSULIN,1 ML",1.0,36.0,22.0
221,LITHIUM CARBONATE,1.0,34.0,14.0
222,CALCIUM ACETATE,1.0,19.0,76.0
223,KETOCONAZOLE,1.0,30.0,29.0
224,BISOPROLOL FUMARATE/HCTZ,1.0,37.0,9.0
225,OLOPATADINE HCL,1.0,26.0,156.0
226,INSULIN NPH HUMAN ISOPHANE,1.0,31.0,130.0
227,TRAMADOL HCL/ACETAMINOPHEN,1.0,15.0,16.0
228,PRIMIDONE,1.0,32.0,21.0
229,ANASTROZOLE,1.0,55.0,32.0
230,COLESEVELAM HCL,1.0,20.0,202.0
231,METOCLOPRAMIDE HCL,1.0,33.0,10.0
232,ATENOLOL/CHLORTHALIDONE,1.0,26.0,6.0
233,CEFUROXIME AXETIL,1.0,7.0,23.0
234,CLOTRIMAZOLE/BETAMETHASONE DIP,1.0,19.0,50.0
235,DICYCLOMINE HCL,1.0,32.0,10.0
236,METRONIDAZOLE,1.0,14.0,53.0
237,FELODIPINE,1.0,27.0,27.0
238,CEFDINIR,1.0,5.0,19.0
239,SOTALOL HCL,1.0,46.0,21.0
240,CARBAMAZEPINE,1.0,45.0,93.0
241,HYDROXYCHLOROQUINE SULFATE,1.0,68.0,55.0
242,PHENYTOIN SODIUM EXTENDED,1.0,50.0,46.0
243,FLECAINIDE ACETATE,1.0,25.0,22.0
244,VALACYCLOVIR HCL,1.0,19.0,42.0
245,EZETIMIBE/SIMVASTATIN,1.0,32.0,195.0
246,HYDROXYZINE PAMOATE,1.0,18.0,7.0
247,CINACALCET HCL,1.0,24.0,683.0
248,SUMATRIPTAN SUCCINATE,1.0,17.0,47.0
249,PHENOBARBITAL,1.0,16.0,11.0
250,RALOXIFENE HCL,1.0,46.0,250.0
251,LEVOCETIRIZINE DIHYDROCHLORIDE,1.0,23.0,18.0
252,DOXEPIN HCL,1.0,24.0,18.0
253,SEVELAMER CARBONATE,1.0,27.0,838.0
254,CARISOPRODOL,1.0,38.0,30.0
255,METHADONE HCL,1.0,35.0,22.0
256,CLOZAPINE,1.0,25.0,152.0
257,ZIPRASIDONE HCL,1.0,28.0,142.0
258,DEXTROAMPHETAMINE/AMPHETAMINE,1.0,28.0,86.0
259,RITONAVIR,1.0,16.0,173.0
260,BUPRENORPHINE HCL/NALOXONE HCL,1.0,12.0,178.0
261,DIFLUPREDNATE,0.0,12.0,64.0
262,"SYRING W-NDL,DISP,INSUL,0.3 ML",0.0,8.0,5.0
263,LETROZOLE,0.0,20.0,16.0
264,METHAZOLAMIDE,0.0,1.0,8.0
265,BICALUTAMIDE,0.0,11.0,10.0
266,CYPROHEPTADINE HCL,0.0,3.0,3.0
267,BESIFLOXACIN HCL,0.0,7.0,35.0
268,MEDROXYPROGESTERONE ACETATE,0.0,11.0,4.0
269,BROMFENAC SODIUM,0.0,8.0,54.0
270,NITROFURANTOIN MACROCRYSTAL,0.0,15.0,20.0
271,TADALAFIL,0.0,6.0,157.0
272,ACETAZOLAMIDE,0.0,5.0,17.0
273,FLUOROURACIL,0.0,5.0,56.0
274,BETAMETHASONE/PROPYLENE GLYC,0.0,2.0,8.0
275,ZAFIRLUKAST,0.0,2.0,6.0
276,DICLOFENAC SODIUM/MISOPROSTOL,0.0,2.0,7.0
277,DEXAMETHASONE,0.0,8.0,5.0
278,MINOCYCLINE HCL,0.0,9.0,7.0
279,ENTACAPONE,0.0,4.0,42.0
280,PARICALCITOL,0.0,4.0,30.0
281,CLORAZEPATE DIPOTASSIUM,0.0,7.0,4.0
282,CANDESARTAN CILEXETIL,0.0,3.0,9.0
283,GLYBURIDE/METFORMIN HCL,0.0,17.0,8.0
284,BACITRACIN,0.0,1.0,4.0
285,POTASSIUM CITRATE,0.0,8.0,33.0
286,THEOPHYLLINE ANHYDROUS,0.0,18.0,13.0
287,"ESTROGEN,CON/M-PROGEST ACET",0.0,5.0,19.0
288,MIDODRINE HCL,0.0,10.0,23.0
289,IMATINIB MESYLATE,0.0,3.0,783.0
290,AMANTADINE HCL,0.0,12.0,35.0
291,ETANERCEPT,0.0,11.0,1059.0
292,LAMIVUDINE,0.0,2.0,18.0
293,NATEGLINIDE,0.0,8.0,21.0
294,BETAMETHASONE DIPROPIONATE,0.0,4.0,15.0
295,PHENYTOIN,0.0,6.0,9.0
296,RIVASTIGMINE TARTRATE,0.0,7.0,33.0
297,EXENATIDE,0.0,4.0,61.0
298,SILODOSIN,0.0,15.0,75.0
299,TELMISARTAN,0.0,8.0,29.0
300,CABERGOLINE,0.0,1.0,4.0
301,PREDNISOLONE SOD PHOSPHATE,0.0,0.0,0.0
302,ERGOCALCIFEROL (VITAMIN D2),0.0,4.0,0.0
303,"SYR W-NDL,INS 0.3 ML HALF MARK",0.0,0.0,0.0
304,PEG3350/SOD SUL/NACL/ASB/C/KCL,0.0,1.0,18.0
305,FOSINOPRIL SODIUM,0.0,17.0,5.0
306,DICLOFENAC EPOLAMINE,0.0,2.0,21.0
307,BUTALB/ACETAMINOPHEN/CAFFEINE,0.0,9.0,13.0
308,PRASUGREL HCL,0.0,13.0,117.0
309,LEFLUNOMIDE,0.0,15.0,18.0
310,IMIPRAMINE HCL,0.0,8.0,4.0
311,INDOMETHACIN,0.0,2.0,2.0
312,BISOPROLOL FUMARATE,0.0,24.0,15.0
313,BETAXOLOL HCL,0.0,2.0,6.0
314,VALPROIC ACID (AS SODIUM SALT),0.0,5.0,5.0
315,METHENAMINE HIPPURATE,0.0,6.0,16.0
316,EPLERENONE,0.0,4.0,11.0
317,DRONEDARONE HCL,0.0,14.0,169.0
318,ETHAMBUTOL HCL,0.0,1.0,2.0
319,TRIFLUOPERAZINE HCL,0.0,3.0,5.0
320,"SODIUM,POTASSIUM,&MAG SULFATES",0.0,1.0,27.0
321,GATIFLOXACIN,0.0,2.0,15.0
322,AMLODIPINE/VALSARTAN,0.0,17.0,100.0
323,FOLIC ACID,0.0,5.0,0.0
324,TRIMETHOPRIM,0.0,8.0,3.0
325,OLMESARTAN/AMLODIPIN/HCTHIAZID,0.0,5.0,32.0
326,MESALAMINE,0.0,16.0,264.0
327,DEXTROSE 5 %-0.45 % NACL,0.0,0.0,0.0
328,"CYCLOSPORINE, MODIFIED",0.0,1.0,8.0
329,TENOFOVIR DISOPROXIL FUMARATE,0.0,4.0,117.0
330,CROMOLYN SODIUM,0.0,1.0,1.0
331,DENOSUMAB,0.0,7.0,70.0
332,CIPROFLOXACIN HCL/DEXAMETH,0.0,1.0,17.0
333,ACARBOSE,0.0,5.0,8.0
334,BETHANECHOL CHLORIDE,0.0,6.0,8.0
335,TRIHEXYPHENIDYL HCL,0.0,8.0,3.0
336,PYRIDOSTIGMINE BROMIDE,0.0,5.0,14.0
337,ENTECAVIR,0.0,1.0,48.0
338,CICLOPIROX OLAMINE,0.0,5.0,9.0
339,BALSALAZIDE DISODIUM,0.0,3.0,11.0
340,TRETINOIN,0.0,2.0,7.0
341,ACETIC ACID,0.0,0.0,0.0
342,HYDROCORTISONE BUTYRATE,0.0,0.0,1.0
343,TICAGRELOR,0.0,5.0,45.0
344,"THYROID,PORK",0.0,5.0,2.0
345,MYCOPHENOLATE MOFETIL,0.0,8.0,31.0
346,LEVOBUNOLOL HCL,0.0,5.0,2.0
347,CAPTOPRIL,0.0,11.0,20.0
348,ADALIMUMAB,0.0,10.0,1061.0
349,RASAGILINE MESYLATE,0.0,9.0,138.0
350,PRAZOSIN HCL,0.0,10.0,6.0
351,LIOTHYRONINE SODIUM,0.0,12.0,11.0
352,FLUOCINOLONE ACETONIDE OIL,0.0,1.0,6.0
353,DEXTROSE 70 % IN WATER,0.0,0.0,1.0
354,FLUTICASONE/VILANTEROL,0.0,2.0,18.0
355,PIOGLITAZONE HCL/METFORMIN HCL,0.0,6.0,30.0
356,ATROPINE SULFATE,0.0,1.0,0.0
357,PERPHENAZINE,0.0,7.0,21.0
358,FLUPHENAZINE HCL,0.0,7.0,5.0
359,HYDROCORTISONE VALERATE,0.0,2.0,11.0
360,MERCAPTOPURINE,0.0,2.0,3.0
361,NORETHINDRONE AC-ETH ESTRADIOL,0.0,0.0,1.0
362,PARENTERAL AMINO ACID 20% NO.1,0.0,1.0,21.0
363,CALCIPOTRIENE,0.0,2.0,29.0
364,ALISKIREN HEMIFUMARATE,0.0,4.0,18.0
365,BUTALBITAL/ASPIRIN/CAFFEINE,0.0,0.0,2.0
366,IVERMECTIN,0.0,0.0,1.0
367,OXYMORPHONE HCL,0.0,10.0,166.0
368,COLESTIPOL HCL,0.0,6.0,12.0
369,ABACAVIR SULFATE/LAMIVUDINE,0.0,6.0,211.0
370,"DIPHTH,PERTUSS(ACELL),TET VAC",0.0,1.0,5.0
371,LENALIDOMIDE,0.0,4.0,1501.0
372,VORICONAZOLE,0.0,0.0,14.0
373,PHOSPHORUS #1,0.0,0.0,0.0
374,AZILSARTAN MED/CHLORTHALIDONE,0.0,1.0,4.0
375,HYDROCODONE BIT/HOMATROP ME-BR,0.0,0.0,0.0
376,DEXTROMETHORPHAN HBR/QUINIDINE,0.0,3.0,76.0
377,AMPICILLIN TRIHYDRATE,0.0,1.0,0.0
378,METAXALONE,0.0,2.0,13.0
379,TELMISARTAN/HYDROCHLOROTHIAZID,0.0,3.0,13.0
380,TRIAZOLAM,0.0,3.0,3.0
381,EPOETIN ALFA,0.0,2.0,128.0
382,GALANTAMINE HBR,0.0,9.0,29.0
383,ETIDRONATE DISODIUM,0.0,0.0,0.0
384,VARENICLINE TARTRATE,0.0,3.0,20.0
385,SODIUM BICARBONATE,0.0,0.0,1.0
386,"NEEDLES, INSULIN DISP., SAFETY",0.0,2.0,6.0
387,SODIUM POLYSTYRENE SULFONATE,0.0,2.0,6.0
388,MEFLOQUINE HCL,0.0,0.0,0.0
389,ACEBUTOLOL HCL,0.0,3.0,1.0
390,INTERFERON BETA-1A,0.0,3.0,497.0
391,METHYLDOPA,0.0,1.0,0.0
392,ATOVAQUONE/PROGUANIL HCL,0.0,0.0,2.0
393,DEXAMETHASONE SOD PHOSPHATE,0.0,1.0,1.0
394,HYDROCODONE/IBUPROFEN,0.0,3.0,4.0
395,EPINASTINE HCL,0.0,1.0,2.0
396,DARBEPOETIN ALFA IN POLYSORBAT,0.0,1.0,33.0
397,SORAFENIB TOSYLATE,0.0,0.0,79.0
398,CHLORZOXAZONE,0.0,1.0,1.0
399,DESVENLAFAXINE SUCCINATE,0.0,14.0,99.0
400,SOD PICOSULF/MAG OX/CITRIC AC,0.0,0.0,2.0
401,VARDENAFIL HCL,0.0,0.0,1.0
402,SCOPOLAMINE,0.0,1.0,9.0
403,PALIPERIDONE PALMITATE,0.0,9.0,491.0
404,"IMMUNE GLOB,GAM CAPRYLATE(IGG)",0.0,0.0,100.0
405,ENZALUTAMIDE,0.0,1.0,308.0
406,LANTHANUM CARBONATE,0.0,1.0,53.0
407,GUANFACINE HCL,0.0,4.0,3.0
408,ILOPERIDONE,0.0,2.0,36.0
409,DORZOLAMIDE/TIMOLOL/PF,0.0,1.0,3.0
410,PHENYLEPHRINE HCL,0.0,0.0,0.0
411,DAPSONE,0.0,2.0,2.0
412,NAPROXEN SODIUM,0.0,3.0,2.0
413,ESTAZOLAM,0.0,2.0,1.0
414,TRANDOLAPRIL,0.0,3.0,2.0
415,CIMETIDINE,0.0,2.0,1.0
416,CHLORDIAZEPOXIDE HCL,0.0,1.0,0.0
417,OXYCODONE HCL/ASPIRIN,0.0,0.0,0.0
418,MEROPENEM,0.0,0.0,5.0
419,DESIPRAMINE HCL,0.0,2.0,5.0
420,FONDAPARINUX SODIUM,0.0,0.0,25.0
421,EVEROLIMUS,0.0,1.0,193.0
422,USTEKINUMAB,0.0,0.0,39.0
423,PALIPERIDONE,0.0,7.0,231.0
424,NEVIRAPINE,0.0,2.0,15.0
425,OMEPRAZOLE/SODIUM BICARBONATE,0.0,1.0,11.0
426,TOCILIZUMAB,0.0,0.0,15.0
427,TAPENTADOL HCL,0.0,2.0,29.0
428,TOBRAMYCIN/LOTEPRED ETAB,0.0,0.0,2.0
429,"PNV WITH CA,NO.72/IRON/FA",0.0,1.0,0.0
430,AMLODIPINE/ATORVASTATIN,0.0,3.0,15.0
431,DARIFENACIN HYDROBROMIDE,0.0,4.0,29.0
432,DOXERCALCIFEROL,0.0,0.0,6.0
433,RAMELTEON,0.0,1.0,10.0
434,DIPHENHYDRAMINE HCL,0.0,0.0,0.0
435,BROMOCRIPTINE MESYLATE,0.0,1.0,7.0
436,DIPYRIDAMOLE,0.0,2.0,1.0
437,PROTRIPTYLINE HCL,0.0,0.0,1.0
438,LURASIDONE HCL,0.0,12.0,337.0
439,RILUZOLE,0.0,0.0,8.0
440,ONDANSETRON HCL/PF,0.0,0.0,0.0
441,TIGECYCLINE,0.0,0.0,3.0
442,BUTORPHANOL TARTRATE,0.0,1.0,2.0
443,CEFACLOR,0.0,0.0,0.0
444,EFAVIRENZ/EMTRICITAB/TENOFOVIR,0.0,8.0,519.0
445,ERTAPENEM SODIUM,0.0,0.0,15.0
446,FOSAMPRENAVIR CALCIUM,0.0,1.0,32.0
447,PIOGLITAZONE HCL/GLIMEPIRIDE,0.0,0.0,2.0
448,MYCOPHENOLATE SODIUM,0.0,1.0,11.0
449,SODIUM FLUORIDE/POTASSIUM NIT,0.0,0.0,0.0
450,RISPERIDONE MICROSPHERES,0.0,6.0,238.0
451,ALOGLIPTIN BENZOATE,0.0,0.0,1.0
452,ATAZANAVIR SULFATE,0.0,6.0,253.0
453,FLUPHENAZINE DECANOATE,0.0,2.0,7.0
454,PRAMLINTIDE ACETATE,0.0,0.0,10.0
455,BEXAROTENE,0.0,0.0,44.0
456,"WATER FOR IRRIGATION,STERILE",0.0,0.0,0.0
457,ASENAPINE MALEATE,0.0,3.0,62.0
458,EFAVIRENZ,0.0,2.0,58.0
459,ATOMOXETINE HCL,0.0,2.0,24.0
460,OXAZEPAM,0.0,2.0,4.0
461,ANTIPYRINE/BENZOCAINE,0.0,0.0,0.0
462,TETRABENAZINE,0.0,1.0,149.0
463,MOEXIPRIL/HYDROCHLOROTHIAZIDE,0.0,1.0,1.0
464,PIMECROLIMUS,0.0,0.0,6.0
465,DAPTOMYCIN,0.0,0.0,46.0
466,"SUB-Q INSULIN DEVICE, 30 UNIT",0.0,0.0,1.0
467,DAPAGLIFLOZIN PROPANEDIOL,0.0,0.0,4.0
468,DALFAMPRIDINE,0.0,2.0,113.0
469,FILGRASTIM,0.0,0.0,34.0
470,TRIAMTERENE,0.0,0.0,1.0
471,HYOSCYAMINE SULFATE,0.0,0.0,0.0
472,NELFINAVIR MESYLATE,0.0,0.0,8.0
473,DEXAMETHASONE SOD PHOSPHATE/PF,0.0,0.0,0.0
474,NAFTIFINE HCL,0.0,1.0,8.0
475,MIDAZOLAM HCL,0.0,0.0,0.0
476,LAMIVUDINE/ZIDOVUDINE,0.0,2.0,31.0
477,ABACAVIR SULFATE,0.0,2.0,23.0
478,DARUNAVIR ETHANOLATE,0.0,9.0,366.0
479,MACITENTAN,0.0,0.0,71.0
480,MEPERIDINE HCL,0.0,0.0,1.0
481,ISOSORB DINIT/HYDRALAZINE HCL,0.0,1.0,7.0
482,FOSFOMYCIN TROMETHAMINE,0.0,0.0,1.0
483,PIPERACILLIN SODIUM/TAZOBACTAM,0.0,0.0,5.0
484,CODEINE/BUTALBITAL/ASA/CAFFEIN,0.0,0.0,3.0
485,PROPANTHELINE BROMIDE,0.0,0.0,0.0
486,CEFEPIME HCL,0.0,0.0,3.0
487,ZOLEDRONIC ACID,0.0,0.0,1.0
488,"ESTROGENS,CONJ.,SYNTHETIC B",0.0,0.0,0.0
489,METHSCOPOLAMINE BROMIDE,0.0,0.0,1.0
490,ETRAVIRINE,0.0,3.0,91.0
491,INTERFERON BETA-1A/ALBUMIN,0.0,2.0,299.0
492,CEFTAZIDIME,0.0,0.0,1.0
493,LEDIPASVIR/SOFOSBUVIR,0.0,0.0,319.0
494,MAGNESIUM SULFATE,0.0,0.0,0.0
495,PENCICLOVIR,0.0,0.0,1.0
496,RILPIVIRINE HCL,0.0,0.0,7.0
497,DIFLORASONE DIACETATE,0.0,0.0,1.0
498,ITRACONAZOLE,0.0,0.0,6.0
499,SOFOSBUVIR,0.0,2.0,2486.0
500,DIMETHYL FUMARATE,0.0,3.0,525.0
501,SODIUM CHLORIDE 0.45 %,0.0,0.0,0.0
502,"FLUCONAZOLE IN NACL,ISO-OSM",0.0,0.0,0.0
503,"SUB-Q INSULIN DEVICE, 20 UNIT",0.0,0.0,1.0
504,"IMMUNE GLOBULIN,GAMMA(IGG)",0.0,1.0,290.0
505,EMTRICITABINE,0.0,1.0,9.0
506,METHENAMINE MANDELATE,0.0,0.0,0.0
507,AMIKACIN SULFATE,0.0,0.0,1.0
508,AMBRISENTAN,0.0,2.0,363.0
509,CROTAMITON,0.0,0.0,0.0
510,DABRAFENIB MESYLATE,0.0,0.0,10.0
511,BOSENTAN,0.0,1.0,361.0
512,APREMILAST,0.0,0.0,3.0
513,"CEFEPIME HCL/DEXTROSE, ISO-OSM",0.0,0.0,0.0
514,OXANDROLONE,0.0,0.0,4.0
515,RUXOLITINIB PHOSPHATE,0.0,0.0,139.0
516,"ESTROGENS,ESTERIFIED",0.0,0.0,1.0
517,CETIRIZINE HCL,0.0,0.0,0.0
518,CLOCORTOLONE PIVALATE,0.0,0.0,0.0
519,CARBOPLATIN,0.0,0.0,0.0
520,PEGFILGRASTIM,0.0,0.0,32.0
521,FLURBIPROFEN,0.0,1.0,1.0
522,LEVOMILNACIPRAN HYDROCHLORIDE,0.0,1.0,5.0
523,DOCETAXEL,0.0,0.0,1.0
524,CARBIDOPA,0.0,0.0,11.0
525,FOSINOPRIL/HYDROCHLOROTHIAZIDE,0.0,0.0,1.0
526,IBUPROFEN/FAMOTIDINE,0.0,0.0,2.0
527,TAFLUPROST/PF,0.0,2.0,6.0
528,PALONOSETRON HCL,0.0,0.0,2.0
529,CEFAZOLIN SODIUM,0.0,0.0,1.0
530,"METHOXSALEN, RAPID",0.0,0.0,1.0
531,CEFOXITIN SODIUM,0.0,0.0,0.0
532,CAPSAICIN/MENTHOL,0.0,0.0,0.0
533,ELVITEGR/COBICIST/EMTRIC/TENOF,0.0,2.0,160.0
534,VORTIOXETINE HYDROBROMIDE,0.0,1.0,9.0
535,RIOCIGUAT,0.0,0.0,38.0
536,B COMPLEX & C NO.20/FOLIC ACID,0.0,0.0,0.0
537,BECAPLERMIN,0.0,0.0,3.0
538,MARAVIROC,0.0,1.0,36.0
539,DASATINIB,0.0,0.0,126.0
540,FIDAXOMICIN,0.0,0.0,1.0
541,VEMURAFENIB,0.0,0.0,8.0
542,RANIBIZUMAB,0.0,0.0,1.0
543,SIMEPREVIR SODIUM,0.0,1.0,610.0
544,SULFACETAMIDE SODIUM/SULFUR,0.0,0.0,0.0
545,TIAGABINE HCL,0.0,1.0,10.0
546,METHYLERGONOVINE MALEATE,0.0,0.0,1.0
547,TESTOSTERONE ENANTHATE,0.0,0.0,0.0
548,QUININE SULFATE,0.0,0.0,1.0
549,DISULFIRAM,0.0,0.0,1.0
550,APRACLONIDINE HCL,0.0,0.0,0.0
551,"PEN NEEDLE, DIABETIC,DISP UNIT",0.0,0.0,0.0
552,FAT EMULSIONS,0.0,0.0,3.0
553,ESLICARBAZEPINE ACETATE,0.0,0.0,2.0
554,SAQUINAVIR MESYLATE,0.0,0.0,5.0
555,OXICONAZOLE NITRATE,0.0,0.0,1.0
556,TINIDAZOLE,0.0,0.0,0.0
557,AZTREONAM,0.0,0.0,1.0
558,SOMATROPIN,0.0,1.0,76.0
559,REGORAFENIB,0.0,0.0,18.0
560,"GRISEOFULVIN, MICROSIZE",0.0,0.0,0.0
561,ZIPRASIDONE MESYLATE,0.0,0.0,1.0
562,ISOTRETINOIN,0.0,0.0,0.0
563,METHOTREXATE/PF,0.0,0.0,0.0
564,BUTALBITAL/ACETAMINOPHEN,0.0,0.0,0.0
565,CLINDAMYCIN PHOS/BENZOYL PEROX,0.0,0.0,0.0
566,UNOPROSTONE ISOPROPYL,0.0,0.0,0.0
567,LOMUSTINE,0.0,0.0,0.0
568,IMIPRAMINE PAMOATE,0.0,0.0,1.0
569,FLUTICASONE FUROATE,0.0,0.0,1.0
570,POTASSIUM CHLORIDE/D5-0.45NACL,0.0,0.0,0.0
571,FAMOTIDINE/PF,0.0,0.0,0.0
572,LAPATINIB DITOSYLATE,0.0,0.0,8.0
573,GEMCITABINE HCL,0.0,0.0,1.0
574,SUNITINIB MALATE,0.0,0.0,67.0
575,LOMITAPIDE MESYLATE,0.0,0.0,35.0
576,DEXMETHYLPHENIDATE HCL,0.0,0.0,1.0
577,TESAMORELIN ACETATE,0.0,0.0,1.0
578,CITRIC ACID/G-LACTONE/MAG CARB,0.0,0.0,0.0
579,"MEASLES,MUMPS&RUBELLA VACC/PF",0.0,0.0,0.0
580,TRANDOLAPRIL/VERAPAMIL HCL,0.0,0.0,1.0
581,TRIMETHOBENZAMIDE HCL,0.0,0.0,0.0
582,ESTRADIOL/NORGESTIMATE,0.0,0.0,0.0
583,GABAPENTIN ENACARBIL,0.0,0.0,2.0
584,NICARDIPINE HCL,0.0,0.0,1.0
585,SUMATRIPTAN,0.0,0.0,2.0
586,ALOGLIPTIN BENZ/PIOGLITAZONE,0.0,0.0,1.0
587,RUFINAMIDE,0.0,0.0,29.0
588,VISMODEGIB,0.0,0.0,19.0
589,ESOMEPRAZOLE STRONTIUM,0.0,0.0,1.0
590,"POTASSIUM PHOSPHATE,MONOBASIC",0.0,0.0,0.0
591,FELBAMATE,0.0,1.0,16.0
592,NORGESTREL-ETHINYL ESTRADIOL,0.0,0.0,0.0
593,DESMOPRESSIN (NONREFRIGERATED),0.0,0.0,0.0
594,ZILEUTON,0.0,0.0,7.0
595,COLISTIN (COLISTIMETHATE NA),0.0,0.0,1.0
596,NORETHINDRONE-ETHINYL ESTRAD,0.0,1.0,1.0
597,METHSUXIMIDE,0.0,0.0,0.0
598,LEVONORGESTREL-ETHIN ESTRADIOL,0.0,1.0,1.0
599,MEFENAMIC ACID,0.0,0.0,0.0
600,"SYRINGE,NEEDLE,INSULN,SAFE,1ML",0.0,0.0,0.0
601,HYDROMORPHONE HCL/PF,0.0,0.0,1.0
602,SODIUM PHENYLBUTYRATE,0.0,0.0,3.0
603,DELAVIRDINE MESYLATE,0.0,0.0,0.0
604,CRIZOTINIB,0.0,0.0,23.0
605,ETONOGESTREL/ETHINYL ESTRADIOL,0.0,0.0,0.0
606,ANAKINRA,0.0,0.0,4.0
607,PARENTERAL AMINO ACID 10% NO.1,0.0,0.0,0.0
608,TRANYLCYPROMINE SULFATE,0.0,0.0,2.0
609,DEFERASIROX,0.0,0.0,75.0
610,C1 ESTERASE INHIBITOR,0.0,0.0,88.0
611,NATALIZUMAB,0.0,0.0,17.0
612,PEGVISOMANT,0.0,0.0,8.0
613,PYRIMETHAMINE,0.0,0.0,1.0
614,ECALLANTIDE,0.0,0.0,20.0
615,ERGOLOID MESYLATES,0.0,0.0,0.0
616,SULFADIAZINE,0.0,0.0,0.0
617,OMEPRAZOLE MAGNESIUM,0.0,0.0,0.0
618,DESLORATADINE/PSEUDOEPHEDRINE,0.0,0.0,0.0
619,MTH/ME BLUE/SOD PHOS/PHEN/HYOS,0.0,0.0,0.0
620,PNV2/IRON B-G SUC-P/FA/OMEGA-3,0.0,0.0,0.0
621,SAPROPTERIN DIHYDROCHLORIDE,0.0,0.0,13.0
622,PAREGORIC,0.0,0.0,0.0
623,ETHYNODIOL D-ETHINYL ESTRADIOL,0.0,0.0,0.0
624,ALENDRONATE SODIUM/VITAMIN D3,0.0,0.0,0.0
625,BETAINE,0.0,0.0,1.0
626,DROSPIR/ETH ESTRA/LEVOMEFOL CA,0.0,0.0,0.0
627,PENICILLIN G BENZATHINE,0.0,0.0,0.0
628,NORELGESTROMIN/ETHIN.ESTRADIOL,0.0,0.0,0.0
629,PERTUZUMAB,0.0,0.0,1.0
630,TRIENTINE HCL,0.0,0.0,5.0
631,"RINGERS SOLUTION,LACTATED",0.0,0.0,0.0
632,ARFORMOTEROL TARTRATE,0.0,0.0,4.0
633,METHYCLOTHIAZIDE,0.0,0.0,0.0
634,ESTRADIOL/LEVONORGESTREL,0.0,0.0,0.0
635,DROSPIRENONE/ESTRADIOL,0.0,0.0,0.0
636,CALCIUM CHLORIDE,0.0,0.0,0.0
637,CYSTEAMINE BITARTRATE,0.0,0.0,4.0
638,DEFERIPRONE,0.0,0.0,4.0
639,CROFELEMER,0.0,0.0,1.0
640,AMPICILLIN SODIUM,0.0,0.0,1.0
641,CIMETIDINE HCL,0.0,0.0,0.0
642,DEXTROSE 5%-LACTATED RINGERS,0.0,0.0,0.0
643,PARENTERAL AMINO ACID 10% NO.6,0.0,0.0,0.0
644,DANAZOL,0.0,0.0,1.0
645,ADEFOVIR DIPIVOXIL,0.0,0.0,3.0
646,NIACIN/LOVASTATIN,0.0,0.0,2.0
647,GRANISETRON HCL/PF,0.0,0.0,0.0
648,CIPROFLOXACIN LACTATE/D5W,0.0,0.0,0.0
649,NADOLOL/BENDROFLUMETHIAZIDE,0.0,0.0,0.0
650,D-METHORPHAN HB/PROMETH HCL,0.0,0.0,0.0
651,CHLORAMBUCIL,0.0,0.0,2.0
652,ESTRADIOL ACETATE,0.0,0.0,0.0
653,AXITINIB,0.0,0.0,33.0
654,PEMETREXED DISODIUM,0.0,0.0,5.0
655,RIMEXOLONE,0.0,0.0,0.0
656,METIPRANOLOL,0.0,0.0,0.0
657,FLUTAMIDE,0.0,0.0,1.0
658,PHENOXYBENZAMINE HCL,0.0,0.0,1.0
659,METAPROTERENOL SULFATE,0.0,0.0,0.0
660,ROMIPLOSTIM,0.0,0.0,2.0
661,PACLITAXEL PROTEIN-BOUND,0.0,0.0,2.0
662,AURANOFIN,0.0,0.0,1.0
663,CLONIDINE HCL/CHLORTHALIDONE,0.0,0.0,0.0
664,DIMETHYL SULFOXIDE,0.0,0.0,0.0
665,MESALAMINE W/CLEANSING WIPES,0.0,0.0,0.0
666,METHYLDOPA/HYDROCHLOROTHIAZIDE,0.0,0.0,0.0
667,ISOCARBOXAZID,0.0,0.0,0.0
668,CISPLATIN,0.0,0.0,0.0
669,REPAGLINIDE/METFORMIN HCL,0.0,0.0,0.0
670,BENDAMUSTINE HCL,0.0,0.0,1.0
671,HYDROCORTISONE BUTYRATE/EMOLL,0.0,0.0,0.0
672,"MENINGOCOC VAC A,C,Y,W-135/PF",0.0,0.0,0.0
673,DEXTROSE 5 %-0.2 % NACL,0.0,0.0,0.0
674,SALICYLIC ACID,0.0,0.0,0.0
675,AMCINONIDE,0.0,0.0,0.0
676,NEDOCROMIL SODIUM,0.0,0.0,0.0
677,BUTENAFINE HCL,0.0,0.0,0.0
678,VARICELLA VACCINE LIVE/PF,0.0,0.0,0.0
679,SODIUM CHLORIDE,0.0,0.0,0.0
680,TETRACYCLINE HCL,0.0,0.0,0.0
681,PENICILLIN G POTASSIUM,0.0,0.0,0.0
682,"IMMUNE GLOBULIN,G(IGG)/MALTOSE",0.0,0.0,7.0
683,TOLCAPONE,0.0,0.0,4.0
684,TRAMETINIB DIMETHYL SULFOXIDE,0.0,0.0,11.0
685,METOPROLOL SUCCINATE/HCTZ,0.0,0.0,0.0
686,IRINOTECAN HCL,0.0,0.0,1.0
687,AA 5 %/CALCIUM/LYTES/DEXT 15 %,0.0,0.0,0.0
688,APOMORPHINE HCL,0.0,0.0,20.0
689,MICAFUNGIN SODIUM,0.0,0.0,1.0
690,TYPHOID VACC VI CAPSULR POLYS,0.0,0.0,0.0
691,LEVORPHANOL TARTRATE,0.0,0.0,1.0
692,NALOXONE HCL,0.0,0.0,1.0
693,CANAKINUMAB/PF,0.0,0.0,1.0
694,TOLAZAMIDE,0.0,0.0,0.0
695,PRAZIQUANTEL,0.0,0.0,0.0
696,PAROMOMYCIN SULFATE,0.0,0.0,0.0
697,CIPROFLOXACIN/CIPROFLOXA HCL,0.0,0.0,0.0
698,BISAC/NACL/NAHCO3/KCL/PEG 3350,0.0,0.0,0.0
699,DIFLORASONE DIACETATE/EMOLL,0.0,0.0,0.0
700,PEN G BENZ/PEN G PROCAINE,0.0,0.0,0.0
701,CANAGLIFLOZIN/METFORMIN HCL,0.0,0.0,0.0
702,TEDIZOLID PHOSPHATE,0.0,0.0,0.0
703,YELLOW FEVER VACCINE LIVE/PF,0.0,0.0,0.0
704,ROSIGLITAZONE MALEATE,0.0,0.0,0.0
705,PSEUDOEPHEDRINE HCL/ACRIVAS,0.0,0.0,0.0
706,OMEPRAZOLE/CLARITH/AMOXICILLIN,0.0,0.0,0.0
707,TELBIVUDINE,0.0,0.0,0.0
708,NEOMY SULF/COLIST SUL/HC/THONZ,0.0,0.0,0.0
709,MANNITOL,0.0,0.0,0.0
710,PEDI M.VIT NO.17 WITH FLUORIDE,0.0,0.0,0.0
711,CIPROFLOXACIN/HYDROCORTISONE,0.0,0.0,0.0
712,PNV NO.118/IRON FUMARATE/FA,0.0,0.0,0.0
713,OPIUM/BELLADONNA ALKALOIDS,0.0,0.0,0.0
714,TALIGLUCERASE ALFA,0.0,0.0,1.0
715,PRENATAL #103/IRON FUMARATE/FA,0.0,0.0,0.0
716,NAFARELIN ACETATE,0.0,0.0,0.0
717,SODIUM ACETATE,0.0,0.0,0.0
718,MILRINONE LACTATE,0.0,0.0,1.0
719,IVACAFTOR,0.0,0.0,14.0
720,"TETANUS,DIPHTHERIA TOXD PED/PF",0.0,0.0,0.0
721,CODEINE/CARISOPRODOL/ASPIRIN,0.0,0.0,0.0
722,ADO-TRASTUZUMAB EMTANSINE,0.0,0.0,1.0
723,HEPATITIS B IMMUN GLOB/MALTOSE,0.0,0.0,0.0
724,VIT B CMPLX 3/FA/VIT C/BIOTIN,0.0,0.0,0.0
725,OXYMETHOLONE,0.0,0.0,1.0
726,BUTABARBITAL SODIUM,0.0,0.0,0.0
727,FEXOFENADINE/PSEUDOEPHEDRINE,0.0,0.0,0.0
728,POTASSIUM CHLORIDE IN 0.9%NACL,0.0,0.0,0.0
729,SODIUM THIOSULFATE,0.0,0.0,0.0
730,STREPTOMYCIN SULFATE,0.0,0.0,0.0
731,EMPAGLIFLOZIN,0.0,0.0,0.0
732,ADAPALENE/BENZOYL PEROXIDE,0.0,0.0,0.0
733,MECLOFENAMATE SODIUM,0.0,0.0,0.0
734,"OXACILLIN SODIUM/DEXTROSE,ISO",0.0,0.0,0.0
735,BUPIVACAINE HCL/PF,0.0,0.0,0.0
736,ZANAMIVIR,0.0,0.0,0.0
737,PRENATAL VIT 15/IRON CB/FA/DSS,0.0,0.0,0.0
738,AMPHOTERICIN B,0.0,0.0,0.0
739,PNV#26/IRON POLY/FA/DHA,0.0,0.0,0.0
740,"CHORIONIC GONADOTROPIN, HUMAN",0.0,0.0,0.0
741,GANCICLOVIR SODIUM,0.0,0.0,0.0
742,ETHOTOIN,0.0,0.0,0.0
743,PROGESTERONE,0.0,0.0,0.0
744,ECULIZUMAB,0.0,0.0,7.0
745,ANIDULAFUNGIN,0.0,0.0,0.0
746,BENZOCAINE,0.0,0.0,0.0
747,MITOMYCIN,0.0,0.0,0.0
748,PRENATAL VIT27&CALCIUM/IRON/FA,0.0,0.0,0.0
749,TEMSIROLIMUS,0.0,0.0,0.0
750,LINCOMYCIN HCL,0.0,0.0,0.0
751,"NUT.TX, METAB.DIS, MV & MIN #2",0.0,0.0,0.0
752,TELAVANCIN HCL,0.0,0.0,0.0
753,SULCONAZOLE NITRATE,0.0,0.0,0.0
754,AZTREONAM/DEXTROSE-WATER,0.0,0.0,0.0
755,ALBIGLUTIDE,0.0,0.0,0.0
756,PRIMAQUINE PHOSPHATE,0.0,0.0,0.0
757,ORLISTAT,0.0,0.0,0.0
758,SECOBARBITAL SODIUM,0.0,0.0,0.0
759,MIFEPRISTONE,0.0,0.0,3.0
760,DECITABINE,0.0,0.0,0.0
761,MITOTANE,0.0,0.0,0.0
762,NATAMYCIN,0.0,0.0,0.0
763,HYDROCODONE/CHLORPHEN P-STIREX,0.0,0.0,0.0
764,PERIT. DIALYSIS#6 & DEX 1.5 %,0.0,0.0,0.0
765,"FLUORIDE/IRON/VIT A,C&D",0.0,0.0,0.0
766,B CMPLX 4/VIT D3/C/FA/ZINC OX,0.0,0.0,0.0
767,MALATHION,0.0,0.0,0.0
768,THIOGUANINE,0.0,0.0,0.0
769,"PNV 18/FE,CARB/FA/DSS/UBI/DHA",0.0,0.0,0.0
770,PHYTONADIONE,0.0,0.0,0.0
771,NORFLOXACIN,0.0,0.0,0.0
772,PIRFENIDONE,0.0,0.0,0.0
773,SUFENTANIL CITRATE,0.0,0.0,0.0
774,"GENTAMICIN IN NACL, ISO-OSM",0.0,0.0,0.0
775,TREPROSTINIL SODIUM,0.0,0.0,1.0
776,ROPIVACAINE HCL/PF,0.0,0.0,0.0
777,CLINDAMYCIN PHOSPHATE/D5W,0.0,0.0,0.0
778,PROCARBAZINE HCL,0.0,0.0,0.0
779,ACETOHYDROXAMIC ACID,0.0,0.0,0.0
780,OMACETAXINE MEPESUCCINATE,0.0,0.0,0.0
781,CEFOTAXIME SODIUM,0.0,0.0,0.0
782,"IRON,CARBONYL/VIT C/VIT B12/FA",0.0,0.0,0.0
783,CYTARABINE/PF,0.0,0.0,0.0
784,METHEN/M-BLUE/SAL/NA PHOS/HYOS,0.0,0.0,0.0
785,DOXORUBICIN HCL PEG-LIPOSOMAL,0.0,0.0,0.0
786,CLINDAMYCIN PALMITATE HCL,0.0,0.0,0.0
787,PARENTERAL AMINO ACID 8.5 % #3,0.0,0.0,0.0
788,"ESTROGENS,CONJ/BAZEDOXIFENE",0.0,0.0,0.0
789,AA 4.25%/CALCIUM/LYTES/DEX 10%,0.0,0.0,0.0
790,VINCRISTINE SULFATE,0.0,0.0,0.0
791,VASOPRESSIN,0.0,0.0,0.0
792,BETAMET ACET/BETAMET NA PH,0.0,0.0,0.0
793,TOBRAMYCIN IN 0.225% NACL,0.0,0.0,0.0
794,STANNOUS FLUORIDE,0.0,0.0,0.0
795,CIDOFOVIR,0.0,0.0,0.0
796,PASIREOTIDE DIASPARTATE,0.0,0.0,1.0
797,POTASSIUM ACETATE,0.0,0.0,0.0
798,PNV NO10/IRON FUM&P/FA/OMEGA-3,0.0,0.0,0.0
799,ILOPROST TROMETHAMINE,0.0,0.0,1.0
800,PENTAZOCINE LACTATE,0.0,0.0,0.0
801,CARMUSTINE,0.0,0.0,0.0
802,"SODIUM PHOS,M-BASIC-D-BASIC",0.0,0.0,0.0
803,TEMOZOLOMIDE,0.0,0.0,0.0
804,PNV #56/IRON CARB&ASPG/FA/DHA,0.0,0.0,0.0
805,DOPAMINE HCL,0.0,0.0,0.0
806,CYSTEAMINE HCL,0.0,0.0,0.0
807,ALBUMIN HUMAN,0.0,0.0,0.0
808,POTASSIUM CHLORIDE IN D5W,0.0,0.0,0.0
809,FE FUMARATE/DOSS/FA/BCOMP&C,0.0,0.0,0.0
810,EZETIMIBE/ATORVASTATIN CALCIUM,0.0,0.0,0.0
811,PNV W-CA #40/IRON FUM/FA CMB#1,0.0,0.0,0.0
812,AMINO ACIDS 4.25%/DEXTROSE 10%,0.0,0.0,0.0
813,PRENATAL VIT/IRON FUMARATE/FA,0.0,0.0,0.0
814,NABILONE,0.0,0.0,0.0
815,PNV53/IRON FUM/FA/DOCUSATE/DHA,0.0,0.0,0.0
816,ZINC ACETATE,0.0,0.0,0.0
817,IBUPROFEN/OXYCODONE HCL,0.0,0.0,0.0
818,EPOPROSTENOL SODIUM (GLYCINE),0.0,0.0,0.0
819,POTASSIUM CHLORIDE/D5-0.9%NACL,0.0,0.0,0.0
820,RILONACEPT,0.0,0.0,0.0
821,LIDOCAINE/HYDROCORTISONE AC,0.0,0.0,0.0
822,TRIAMCINOLONE/EMOLLIENT CMB#86,0.0,0.0,0.0
823,PEDI MVI NO.12/SODIUM FLUORIDE,0.0,0.0,0.0
824,ACYCLOVIR SODIUM,0.0,0.0,0.0
825,LIDOCAINE HCL/EPINEPHRINE,0.0,0.0,0.0
826,"CEFOTETAN DISOD/DEXTROSE,ISO",0.0,0.0,0.0
827,PNV #87/IRON BISGLY/FA/DHA,0.0,0.0,0.0
828,IDURSULFASE,0.0,0.0,4.0
829,BENZYL ALCOHOL,0.0,0.0,0.0
830,LANCETS,0.0,0.0,0.0
831,MORPHINE SULFATE/PF,0.0,0.0,0.0
832,AMIFOSTINE CRYSTALLINE,0.0,0.0,0.0
833,TICARCILLIN/K CLAVULANATE,0.0,0.0,0.0
834,ENALAPRILAT DIHYDRATE,0.0,0.0,0.0
835,"PNV WITH CA,NO.60/IRON/FA/DHA",0.0,0.0,0.0
836,CABAZITAXEL,0.0,0.0,0.0
837,PHENOBARBITAL SODIUM,0.0,0.0,0.0
838,LEVOLEUCOVORIN CALCIUM,0.0,0.0,0.0
839,NEOSTIGMINE METHYLSULFATE,0.0,0.0,0.0
840,MELPHALAN,0.0,0.0,0.0
841,SUCCIMER,0.0,0.0,0.0
842,ROSIGLITAZONE/GLIMEPIRIDE,0.0,0.0,0.0
843,DEXTROSE 10 % IN WATER,0.0,0.0,0.0
844,ACYCLOVIR/HYDROCORTISONE,0.0,0.0,0.0
845,"PETROLATUM,WHITE",0.0,0.0,0.0
846,BUSULFAN,0.0,0.0,0.0
847,BEDAQUILINE FUMARATE,0.0,0.0,0.0
848,PNV115/IRON FUMARATE/FA/DSS,0.0,0.0,0.0
849,"SYRINGE W-O NEEDL,INSULIN,1 ML",0.0,0.0,0.0
850,BUTOCONAZOLE NITRATE,0.0,0.0,0.0
851,QUINUPRISTIN/DALFOPRISTIN,0.0,0.0,0.0
852,PRENATAL NO.25/IRON/FA #6/DHA,0.0,0.0,0.0
853,PNV#21/IRON PS& HEME POLYP/FA,0.0,0.0,0.0
854,PNV WITH CA #68/IRON/FA#1/DHA,0.0,0.0,0.0
855,VINBLASTINE SULFATE,0.0,0.0,0.0
856,RHO(D) IMMUNE GLOBULIN/MALTOSE,0.0,0.0,0.0
857,LEVONORGESTREL,0.0,0.0,0.0
858,OSPEMIFENE,0.0,0.0,0.0
859,DIFENOXIN HCL/ATROPINE SULFATE,0.0,0.0,0.0
860,ELECTROLYTE-A SOLUTION,0.0,0.0,0.0
861,AA 4.25%/CALCIUM/LYTES/D5W,0.0,0.0,0.0
862,POVIDONE-IODINE,0.0,0.0,0.0
863,AMINO ACIDS 5 %/DEXTROSE 20 %,0.0,0.0,0.0
864,SACROSIDASE,0.0,0.0,0.0
865,PEDI MV #75/FLUORIDE/IRON,0.0,0.0,0.0
866,"FLUCONAZOLE IN DEXTROSE,ISO-OS",0.0,0.0,0.0
867,TETRACAINE HCL/PF,0.0,0.0,0.0
868,SODIUM GLYCEROPHOSPHATE,0.0,0.0,0.0
869,IPILIMUMAB,0.0,0.0,1.0
870,"NEEDLES, DISPOSABLE",0.0,0.0,0.0
871,ETHIONAMIDE,0.0,0.0,0.0
872,LOTEPREDNOL ETABONATE,0.0,10.0,68.0
873,AZATHIOPRINE,0.0,12.0,10.0
874,NEO/POLYMYX B SULF/DEXAMETH,0.0,6.0,7.0
875,CHLORPROMAZINE HCL,0.0,6.0,39.0
876,BUDESONIDE,0.0,8.0,143.0
877,PROCHLORPERAZINE MALEATE,0.0,5.0,4.0
878,RIFAMPIN,0.0,1.0,3.0
879,GLIPIZIDE/METFORMIN HCL,0.0,11.0,17.0
880,IMIQUIMOD,0.0,1.0,12.0
881,TESTOSTERONE CYPIONATE,0.0,10.0,11.0
882,PILOCARPINE HCL,0.0,7.0,14.0
883,ETODOLAC,0.0,14.0,26.0
884,MOMETASONE/FORMOTEROL,0.0,17.0,129.0
885,TOBRAMYCIN/DEXAMETHASONE,0.0,6.0,39.0
886,BRINZOLAMIDE/BRIMONIDINE TART,0.0,3.0,10.0
887,DESONIDE,0.0,6.0,57.0
888,AMLODIPINE BES/OLMESARTAN MED,0.0,12.0,68.0
889,ALCOHOL ANTISEPTIC PADS,0.0,18.0,5.0
890,LINACLOTIDE,0.0,11.0,91.0
891,DOXYCYCLINE MONOHYDRATE,0.0,4.0,13.0
892,LOPERAMIDE HCL,0.0,5.0,4.0
893,GENTAMICIN SULFATE,0.0,3.0,6.0
894,FENOFIBRIC ACID (CHOLINE),0.0,18.0,64.0
895,REPAGLINIDE,0.0,9.0,43.0
896,SILVER SULFADIAZINE,0.0,4.0,7.0
897,HYDROXYUREA,0.0,11.0,9.0
898,METHIMAZOLE,0.0,17.0,5.0
899,SODIUM CHLORIDE/NAHCO3/KCL/PEG,0.0,1.0,7.0
900,URSODIOL,0.0,9.0,48.0
901,TERBINAFINE HCL,0.0,7.0,2.0
902,TACROLIMUS,0.0,6.0,53.0
903,LIPASE/PROTEASE/AMYLASE,0.0,12.0,210.0
904,EXEMESTANE,0.0,7.0,61.0
905,BRINZOLAMIDE,0.0,20.0,83.0
906,NADOLOL,0.0,14.0,35.0
907,CLONIDINE,0.0,11.0,58.0
908,INSULIN GLULISINE,0.0,1.0,16.0
909,DEFEROXAMINE MESYLATE,0.0,0.0,0.0
910,ROTIGOTINE,0.0,2.0,39.0
911,TAMOXIFEN CITRATE,0.0,19.0,11.0
912,MEXILETINE HCL,0.0,1.0,2.0
913,INSULIN NPL/INSULIN LISPRO,0.0,14.0,223.0
914,FLUOROMETHOLONE,0.0,5.0,9.0
915,LIDOCAINE HCL,0.0,2.0,3.0
916,PENTOXIFYLLINE,0.0,12.0,7.0
917,TESTOSTERONE,0.0,11.0,177.0
918,MIRABEGRON,0.0,17.0,139.0
919,SULINDAC,0.0,7.0,3.0
920,OSELTAMIVIR PHOSPHATE,0.0,2.0,29.0
921,PIROXICAM,0.0,3.0,7.0
922,ECONAZOLE NITRATE,0.0,9.0,24.0
923,CEFTRIAXONE SODIUM,0.0,1.0,10.0
924,KETOPROFEN,0.0,2.0,10.0
925,ISOSORBIDE DINITRATE,0.0,17.0,32.0
926,RISEDRONATE SODIUM,0.0,17.0,111.0
927,INDAPAMIDE,0.0,17.0,4.0
928,CLARITHROMYCIN,0.0,2.0,10.0
929,DESOXIMETASONE,0.0,3.0,17.0
930,ALFUZOSIN HCL,0.0,17.0,12.0
931,SILDENAFIL CITRATE,0.0,6.0,58.0
932,POLYMYXIN B SULF/TRIMETHOPRIM,0.0,4.0,1.0
933,ENOXAPARIN SODIUM,0.0,4.0,176.0
934,FORMOTEROL FUMARATE,0.0,2.0,19.0
935,CYCLOPENTOLATE HCL,0.0,0.0,0.0
936,CHOLESTYRAMINE (WITH SUGAR),0.0,6.0,20.0
937,TIMOLOL,0.0,1.0,2.0
938,NYSTATIN/TRIAMCIN,0.0,5.0,43.0
939,ACLIDINIUM BROMIDE,0.0,5.0,43.0
940,DOFETILIDE,0.0,8.0,74.0
941,DUTASTERIDE/TAMSULOSIN HCL,0.0,8.0,35.0
942,BEPOTASTINE BESILATE,0.0,1.0,6.0
943,FLUDROCORTISONE ACETATE,0.0,9.0,6.0
944,SPIRONOLACT/HYDROCHLOROTHIAZID,0.0,10.0,7.0
945,CLINDAMYCIN PHOSPHATE,0.0,4.0,14.0
946,BUPRENORPHINE,0.0,3.0,33.0
947,METHOTREXATE SODIUM/PF,0.0,1.0,0.0
948,SULFASALAZINE,0.0,11.0,8.0
949,FLURBIPROFEN SODIUM,0.0,1.0,0.0
950,PREDNISOLONE,0.0,0.0,0.0
951,TERBUTALINE SULFATE,0.0,0.0,1.0
952,MINOXIDIL,0.0,7.0,3.0
953,LIDOCAINE/PRILOCAINE,0.0,8.0,48.0
954,CANAGLIFLOZIN,0.0,9.0,90.0
955,"PROGESTERONE,MICRONIZED",0.0,6.0,10.0
956,TERIPARATIDE,0.0,5.0,270.0
957,CEFPROZIL,0.0,0.0,2.0
958,INGENOL MEBUTATE,0.0,0.0,3.0
959,FLUNISOLIDE,0.0,1.0,2.0
960,SELENIUM SULFIDE,0.0,1.0,0.0
961,TROSPIUM CHLORIDE,0.0,8.0,28.0
962,AMLODIPINE/VALSARTAN/HCTHIAZID,0.0,5.0,28.0
963,BENZONATATE,0.0,0.0,0.0
964,FEBUXOSTAT,0.0,15.0,112.0
965,DICLOFENAC POTASSIUM,0.0,7.0,7.0
966,CEFADROXIL,0.0,1.0,2.0
967,COLLAGENASE CLOSTRIDIUM HIST.,0.0,3.0,76.0
968,AZELAIC ACID,0.0,1.0,5.0
969,NEOMYCIN/POLYMYXIN B SULF/HC,0.0,2.0,3.0
970,ENALAPRIL/HYDROCHLOROTHIAZIDE,0.0,7.0,2.0
971,BENAZEPRIL/HYDROCHLOROTHIAZIDE,0.0,17.0,23.0
972,NAPROXEN/ESOMEPRAZOLE MAG,0.0,1.0,14.0
973,LACOSAMIDE,0.0,9.0,198.0
974,TOBRAMYCIN,0.0,2.0,4.0
975,LEUCOVORIN CALCIUM,0.0,3.0,2.0
976,PITAVASTATIN CALCIUM,0.0,6.0,30.0
977,PENICILLIN V POTASSIUM,0.0,4.0,3.0
978,CLOTRIMAZOLE,0.0,6.0,8.0
979,DIPHENOXYLATE HCL/ATROPINE,0.0,9.0,9.0
980,"DIPH,PERTUSS(ACELL),TET VAC/PF",0.0,0.0,5.0
981,HALOBETASOL PROPIONATE,0.0,1.0,10.0
982,ONDANSETRON,0.0,4.0,12.0
983,PROPAFENONE HCL,0.0,12.0,36.0
984,FLUVOXAMINE MALEATE,0.0,7.0,9.0
985,FESOTERODINE FUMARATE,0.0,14.0,90.0
986,MISOPROSTOL,0.0,2.0,4.0
987,AMILORIDE/HYDROCHLOROTHIAZIDE,0.0,2.0,1.0
988,EXENATIDE MICROSPHERES,0.0,4.0,63.0
989,CHOLESTYRAMINE/ASPARTAME,0.0,1.0,4.0
990,DESMOPRESSIN ACETATE,0.0,4.0,12.0
991,LEVALBUTEROL HCL,0.0,0.0,4.0
992,CLOMIPRAMINE HCL,0.0,3.0,51.0
993,LEVALBUTEROL TARTRATE,0.0,4.0,10.0
994,IRBESARTAN/HYDROCHLOROTHIAZIDE,0.0,9.0,9.0
995,SULFACETAMIDE SODIUM,0.0,0.0,1.0
996,ICOSAPENT ETHYL,0.0,3.0,16.0
997,ZONISAMIDE,0.0,9.0,16.0
998,NAPHAZOLINE HCL,0.0,2.0,0.0
999,INTERFERON BETA-1B,0.0,1.0,141.0
1000,PHENAZOPYRIDINE HCL,0.0,0.0,1.0
1001,CARBIDOPA/LEVODOPA/ENTACAPONE,0.0,4.0,45.0
1002,CICLOPIROX,0.0,7.0,15.0
1003,RIZATRIPTAN BENZOATE,0.0,2.0,9.0
1004,"GLUCAGON,HUMAN RECOMBINANT",0.0,0.0,17.0
1005,ABIRATERONE ACETATE,0.0,2.0,559.0
1006,PENTOSAN POLYSULFATE SODIUM,0.0,2.0,46.0
1007,"GLYBURIDE,MICRONIZED",0.0,2.0,1.0
1008,FLUOCINOLONE ACETONIDE,0.0,1.0,7.0
1009,QUINAPRIL/HYDROCHLOROTHIAZIDE,0.0,3.0,3.0
1010,VANCOMYCIN HCL,0.0,2.0,33.0
1011,RABEPRAZOLE SODIUM,0.0,5.0,20.0
1012,"CALCITONIN,SALMON,SYNTHETIC",0.0,9.0,18.0
1013,FLUOCINOLONE/SHOWER CAP,0.0,1.0,4.0
1014,LEUPROLIDE ACETATE,0.0,0.0,14.0
1015,LINAGLIPTIN/METFORMIN HCL,0.0,2.0,16.0
1016,TROPICAMIDE,0.0,0.0,0.0
1017,ROFLUMILAST,0.0,8.0,62.0
1018,DIFLUNISAL,0.0,1.0,2.0
1019,EPINEPHRINE,0.0,0.0,12.0
1020,ESZOPICLONE,0.0,8.0,54.0
1021,BETAMETHASONE VALERATE,0.0,2.0,5.0
1022,SALMETEROL XINAFOATE,0.0,2.0,15.0
1023,THIOTHIXENE,0.0,2.0,3.0
1024,AMILORIDE HCL,0.0,1.0,2.0
1025,CEFPODOXIME PROXETIL,0.0,0.0,4.0
1026,"SYRINGE,NEEDLE,INSULN,SF 0.5ML",0.0,0.0,0.0
1027,PROPYLTHIOURACIL,0.0,1.0,2.0
1028,SODIUM FLUORIDE,0.0,2.0,1.0
1029,ESTRADIOL/NORETHINDRONE ACET,0.0,1.0,4.0
1030,"HEPARIN SODIUM,PORCINE",0.0,1.0,5.0
1031,FLUOCINONIDE/EMOLLIENT BASE,0.0,0.0,1.0
1032,PERPHENAZINE/AMITRIPTYLINE HCL,0.0,1.0,2.0
1033,CARVEDILOL PHOSPHATE,0.0,6.0,32.0
1034,ACETIC ACID/HYDROCORTISONE,0.0,0.0,1.0
1035,PROBENECID,0.0,2.0,2.0
1036,ZALEPLON,0.0,4.0,3.0
1037,ANAGRELIDE HCL,0.0,1.0,4.0
1038,CANDESARTAN/HYDROCHLOROTHIAZID,0.0,1.0,2.0
1039,CEVIMELINE HCL,0.0,1.0,10.0
1040,CERTOLIZUMAB PEGOL,0.0,1.0,68.0
1041,SAXAGLIPTIN HCL/METFORMIN HCL,0.0,4.0,42.0
1042,AZELASTINE/FLUTICASONE,0.0,2.0,9.0
1043,ALCAFTADINE,0.0,1.0,3.0
1044,COLCHICINE/PROBENECID,0.0,1.0,1.0
1045,CAPTOPRIL/HYDROCHLOROTHIAZIDE,0.0,0.0,1.0
1046,0.9 % SODIUM CHLORIDE,0.0,1.0,2.0
1047,BACITRACIN/POLYMYXIN B SULFATE,0.0,0.0,0.0
1048,MODAFINIL,0.0,5.0,117.0
1049,GLATIRAMER ACETATE,0.0,6.0,1084.0
1050,GOLIMUMAB,0.0,1.0,59.0
1051,TRIFLURIDINE,0.0,0.0,0.0
1052,CICLESONIDE,0.0,1.0,4.0
1053,VILAZODONE HYDROCHLORIDE,0.0,6.0,36.0
1054,SODIUM CHLORIDE IRRIG SOLUTION,0.0,1.0,1.0
1055,"INTERFERON ALFA-2B,RECOMB.",0.0,0.0,1.0
1056,ERLOTINIB HCL,0.0,2.0,311.0
1057,GRANISETRON,0.0,0.0,3.0
1058,THIORIDAZINE HCL,0.0,3.0,3.0
1059,CYANOCOBALAMIN (VITAMIN B-12),0.0,0.0,0.0
1060,RITUXIMAB,0.0,0.0,16.0
1061,NEOMYCIN SULFATE,0.0,0.0,1.0
1062,TRAVOPROST (BENZALKONIUM),0.0,0.0,2.0
1063,PERMETHRIN,0.0,0.0,6.0
1064,DESLORATADINE,0.0,2.0,4.0
1065,TERCONAZOLE,0.0,0.0,2.0
1066,"NAPHOS M-B M-H/NA PHOS,DI-BA",0.0,0.0,1.0
1067,FAMCICLOVIR,0.0,1.0,3.0
1068,HALOPERIDOL DECANOATE,0.0,6.0,18.0
1069,ATOVAQUONE,0.0,0.0,10.0
1070,NEOMY SULF/POLYMYXIN B SULFATE,0.0,0.0,0.0
1071,GANCICLOVIR,0.0,0.0,1.0
1072,ALOGLIPTIN BENZ/METFORMIN HCL,0.0,0.0,0.0
1073,SALSALATE,0.0,1.0,2.0
1074,DICLOXACILLIN SODIUM,0.0,0.0,0.0
1075,CARTEOLOL HCL,0.0,1.0,0.0
1076,NIZATIDINE,0.0,1.0,1.0
1077,MILNACIPRAN HCL,0.0,4.0,26.0
1078,SELEGILINE HCL,0.0,2.0,7.0
1079,UMECLIDINIUM BRM/VILANTEROL TR,0.0,0.0,3.0
1080,ABATACEPT,0.0,1.0,85.0
1081,OMALIZUMAB,0.0,0.0,29.0
1082,DIDANOSINE,0.0,0.0,2.0
1083,ORPHENADRINE CITRATE,0.0,1.0,1.0
1084,NALTREXONE HCL,0.0,1.0,3.0
1085,GRANISETRON HCL,0.0,0.0,0.0
1086,MUPIROCIN CALCIUM,0.0,1.0,4.0
1087,UREA,0.0,0.0,0.0
1088,"PEN NEEDLE, DIABETIC, SAFETY",0.0,1.0,2.0
1089,ALCLOMETASONE DIPROPIONATE,0.0,0.0,1.0
1090,DRONABINOL,0.0,2.0,29.0
1091,VALPROIC ACID,0.0,2.0,3.0
1092,RIFAXIMIN,0.0,4.0,170.0
1093,HALOPERIDOL LACTATE,0.0,0.0,1.0
1094,NIACIN/SIMVASTATIN,0.0,1.0,4.0
1095,NILOTINIB HCL,0.0,0.0,132.0
1096,GLYCOPYRROLATE,0.0,3.0,5.0
1097,TIMOLOL MALEATE/PF,0.0,0.0,3.0
1098,AMOXAPINE,0.0,0.0,0.0
1099,ESTRADIOL CYPIONATE,0.0,0.0,0.0
1100,FINGOLIMOD HCL,0.0,1.0,257.0
1101,OXAPROZIN,0.0,2.0,8.0
1102,NISOLDIPINE,0.0,2.0,12.0
1103,METOPROLOL/HYDROCHLOROTHIAZIDE,0.0,1.0,2.0
1104,DISOPYRAMIDE PHOSPHATE,0.0,0.0,1.0
1105,PENTAZOCINE HCL/NALOXONE HCL,0.0,0.0,1.0
1106,FULVESTRANT,0.0,0.0,2.0
1107,APREPITANT,0.0,0.0,6.0
1108,DEMECLOCYCLINE HCL,0.0,0.0,6.0
1109,PARENTERAL AMINO ACID 15% NO.1,0.0,0.0,2.0
1110,"SYRINGE W-NDL, DISP., INSULIN",0.0,0.0,1.0
1111,POLYMYXIN B SULFATE,0.0,0.0,0.0
1112,EMTRICITABINE/TENOFOVIR,0.0,14.0,621.0
1113,PHENYLEPHRINE HCL/PROMETH HCL,0.0,0.0,0.0
1114,"TETANUS TOXOID, ADSORBED/PF",0.0,0.0,0.0
1115,BUTALBIT/ACETAMIN/CAFF/CODEINE,0.0,1.0,2.0
1116,METHYLPREDNISOLONE ACETATE,0.0,0.0,0.0
1117,DOLUTEGRAVIR SODIUM,0.0,2.0,95.0
1118,RALTEGRAVIR POTASSIUM,0.0,10.0,374.0
1119,LIDOCAINE HCL/PF,0.0,0.0,0.0
1120,DEXTROAMPHETAMINE SULFATE,0.0,1.0,13.0
1121,RIBAVIRIN,0.0,1.0,22.0
1122,PINDOLOL,0.0,1.0,3.0
1123,NICOTINE,0.0,0.0,3.0
1124,SEVELAMER HCL,0.0,1.0,23.0
1125,OPIUM TINCTURE,0.0,0.0,2.0
1126,LISDEXAMFETAMINE DIMESYLATE,0.0,2.0,16.0
1127,SUCROFERRIC OXYHYDROXIDE,0.0,0.0,5.0
1128,TEDUGLUTIDE,0.0,0.0,22.0
1129,ACETYLCYSTEINE,0.0,0.0,0.0
1130,DEXTROSE 5 % IN WATER,0.0,0.0,0.0
1131,ABACAVIR/LAMIVUDINE/ZIDOVUDINE,0.0,0.0,14.0
1132,PHENELZINE SULFATE,0.0,0.0,1.0
1133,PROMETHAZINE HCL/CODEINE,0.0,0.0,0.0
1134,IMIPENEM/CILASTATIN SODIUM,0.0,0.0,1.0
1135,LANSOPRAZOLE/AMOXICILN/CLARITH,0.0,0.0,0.0
1136,LOXAPINE SUCCINATE,0.0,2.0,3.0
1137,ARMODAFINIL,0.0,2.0,39.0
1138,PAZOPANIB HCL,0.0,0.0,54.0
1139,"SUB-Q INSULIN DEVICE, 40 UNIT",0.0,0.0,2.0
1140,FLAVOXATE HCL,0.0,0.0,1.0
1141,VALGANCICLOVIR HCL,0.0,1.0,135.0
1142,NORETHINDRONE ACETATE,0.0,1.0,1.0
1143,FLURAZEPAM HCL,0.0,1.0,0.0
1144,GENTAMICIN/PREDNISOL AC,0.0,0.0,0.0
1145,CLOBAZAM,0.0,1.0,25.0
1146,AMITRIP HCL/CHLORDIAZEPOXIDE,0.0,0.0,1.0
1147,EMTRICITAB/RILPIVIRINE/TENOFOV,0.0,2.0,109.0
1148,HALCINONIDE,0.0,0.0,0.0
1149,TIPRANAVIR,0.0,0.0,2.0
1150,SULFACETM NA/PREDNISOL AC,0.0,0.0,0.0
1151,"TETANUS & DIPHTHERIA TOX,ADULT",0.0,0.0,0.0
1152,ZOLMITRIPTAN,0.0,0.0,3.0
1153,ICATIBANT ACETATE,0.0,0.0,43.0
1154,CEFIXIME,0.0,0.0,1.0
1155,INDACATEROL MALEATE,0.0,0.0,2.0
1156,AZILSARTAN MEDOXOMIL,0.0,1.0,4.0
1157,FLUMAZENIL,0.0,0.0,0.0
1158,TOFACITINIB CITRATE,0.0,1.0,61.0
1159,CARBINOXAMINE MALEATE,0.0,0.0,0.0
1160,POMALIDOMIDE,0.0,0.0,151.0
1161,ACAMPROSATE CALCIUM,0.0,0.0,1.0
1162,CLOBETASOL PROPIONATE/EMOLL,0.0,0.0,1.0
1163,ESTROPIPATE,0.0,1.0,1.0
1164,NARATRIPTAN HCL,0.0,0.0,1.0
1165,FLUVASTATIN SODIUM,0.0,1.0,8.0
1166,NITAZOXANIDE,0.0,0.0,1.0
1167,ERYTHROMYCIN BASE/ETHANOL,0.0,0.0,0.0
1168,LINEZOLID,0.0,0.0,11.0
1169,"DIPH,PERTUSS(ACELL),TET PED/PF",0.0,0.0,0.0
1170,ZIDOVUDINE,0.0,0.0,1.0
1171,CALCIPOTRIENE/BETAMETHASONE,0.0,0.0,2.0
1172,LEVOFLOXACIN/D5W,0.0,0.0,0.0
1173,ACITRETIN,0.0,1.0,18.0
1174,AMPHOTERICIN B LIPID COMPLEX,0.0,0.0,0.0
1175,DANTROLENE SODIUM,0.0,1.0,3.0
1176,CHLOROQUINE PHOSPHATE,0.0,0.0,0.0
1177,LOPINAVIR/RITONAVIR,0.0,2.0,67.0
1178,RABIES VACCINE (PCEC)/PF,0.0,0.0,0.0
1179,DICLOFENAC SUBMICRONIZED,0.0,0.0,0.0
1180,ZOLEDRONIC ACID/MANNITOL&WATER,0.0,0.0,1.0
1181,IBRUTINIB,0.0,1.0,149.0
1182,OXYBUTYNIN,0.0,0.0,4.0
1183,ETHOSUXIMIDE,0.0,0.0,1.0
1184,METHYLPREDNISOLONE SOD SUCC/PF,0.0,0.0,0.0
1185,POTASSIUM BICARBONATE/CIT AC,0.0,0.0,0.0
1186,CODEINE SULFATE,0.0,0.0,1.0
1187,PEGINTERFERON ALFA-2A,0.0,0.0,28.0
1188,SIROLIMUS,0.0,1.0,15.0
1189,ISONIAZID,0.0,1.0,0.0
1190,LITHIUM CITRATE,0.0,0.0,0.0
1191,AMPHOTERICIN B LIPOSOME,0.0,0.0,0.0
1192,MEPERIDINE HCL/PF,0.0,0.0,0.0
1193,"PEG 3350-BOWEL 2,TWO PART PREP",0.0,0.0,0.0
1194,CYCLOPHOSPHAMIDE,0.0,0.0,1.0
1195,"PNV WITH CA,NO.71/IRON/FA",0.0,0.0,0.0
1196,SULFACETAMIDE/PREDNISOLONE SP,0.0,0.0,0.0
1197,TOBRAMYCIN SULFATE,0.0,0.0,1.0
1198,DIHYDROERGOTAMINE MESYLATE,0.0,0.0,3.0
1199,CLEMASTINE FUMARATE,0.0,0.0,0.0
1200,ALISKIREN/HYDROCHLOROTHIAZIDE,0.0,1.0,3.0
1201,HEPATITIS A & B VACCINE/PF,0.0,0.0,0.0
1202,ONABOTULINUMTOXINA,0.0,0.0,8.0
1203,"CEFTRIAXONE NA/DEXTROSE,ISO",0.0,0.0,0.0
1204,CEFTAROLINE FOSAMIL ACETATE,0.0,0.0,2.0
1205,"PIPERACILLIN-TAZO-DEXTROSE,ISO",0.0,0.0,0.0
1206,ERYTHROMYCIN/BENZOYL PEROXIDE,0.0,0.0,0.0
1207,NEOMYCIN/POLYMYXN B/GRAMICIDIN,0.0,0.0,0.0
1208,ETHACRYNIC ACID,0.0,0.0,5.0
1209,PERINDOPRIL ERBUMINE,0.0,1.0,0.0
1210,ELETRIPTAN HBR,0.0,0.0,8.0
1211,HYDROCODONE BITARTRATE,0.0,0.0,1.0
1212,ERYTHROMYCIN ETHYLSUCCINATE,0.0,0.0,4.0
1213,PREDNICARBATE,0.0,0.0,0.0
1214,ALPHA-1-PROTEINASE INHIBITOR,0.0,1.0,169.0
1215,TETANUS AND DIPHTHERIA TOX/PF,0.0,0.0,0.0
1216,HEPATITIS A VIRUS VACCINE/PF,0.0,0.0,0.0
1217,ISRADIPINE,0.0,0.0,1.0
1218,NIMODIPINE,0.0,0.0,1.0
1219,OLANZAPINE/FLUOXETINE HCL,0.0,0.0,6.0
1220,SODIUM OXYBATE,0.0,0.0,107.0
1221,GENTAMICIN SULFATE/PF,0.0,0.0,0.0
1222,INFLIXIMAB,0.0,0.0,31.0
1223,BUPRENORPHINE HCL,0.0,2.0,10.0
1224,POTASSIUM CITRATE/CITRIC ACID,0.0,0.0,0.0
1225,POSACONAZOLE,0.0,0.0,13.0
1226,MAPROTILINE HCL,0.0,0.0,0.0
1227,ACETIC ACID/ALUMINUM ACETATE,0.0,0.0,0.0
1228,SUMATRIPTAN SUCC/NAPROXEN SOD,0.0,0.0,2.0
1229,TERIFLUNOMIDE,0.0,1.0,138.0
1230,ABACAVIR/DOLUTEGRAVIR/LAMIVUDI,0.0,0.0,5.0
1231,MOEXIPRIL HCL,0.0,1.0,1.0
1232,LEVOCARNITINE,0.0,1.0,2.0
1233,ECHOTHIOPHATE IODIDE,0.0,0.0,0.0
1234,TOLMETIN SODIUM,0.0,0.0,0.0
1235,NALBUPHINE HCL,0.0,0.0,1.0
1236,VANCOMYCIN HCL/D5W,0.0,0.0,1.0
1237,ERYTHROMYCIN STEARATE,0.0,0.0,1.0
1238,"VANCOMYCIN IN DEXTROSE,ISO-OSM",0.0,0.0,0.0
1239,ELTROMBOPAG OLAMINE,0.0,0.0,28.0
1240,METHYLNALTREXONE BROMIDE,0.0,0.0,5.0
1241,TRASTUZUMAB,0.0,0.0,7.0
1242,HYDROCORTISONE SOD SUCC/PF,0.0,0.0,0.0
1243,SELEGILINE,0.0,0.0,3.0
1244,THALIDOMIDE,0.0,0.0,50.0
1245,DEXTROSE 5 % AND 0.9 % NACL,0.0,0.0,0.0
1246,ENFUVIRTIDE,0.0,0.0,4.0
1247,METRONIDAZOLE/SODIUM CHLORIDE,0.0,0.0,0.0
1248,CORTISONE ACETATE,0.0,0.0,0.0
1249,PEGINTERFERON ALFA-2B,0.0,0.0,6.0
1250,ALISKIREN/AMLODIPINE BESYLATE,0.0,0.0,0.0
1251,PERAMPANEL,0.0,0.0,2.0
1252,NEFAZODONE HCL,0.0,1.0,1.0
1253,MIGLITOL,0.0,0.0,1.0
1254,"DALTEPARIN SODIUM,PORCINE",0.0,0.0,6.0
1255,CORTICOTROPIN,0.0,0.0,198.0
1256,TRANEXAMIC ACID,0.0,0.0,0.0
1257,PODOFILOX,0.0,0.0,0.0
1258,PIMOZIDE,0.0,0.0,1.0
1259,AMINOCAPROIC ACID,0.0,0.0,1.0
1260,TAZAROTENE,0.0,0.0,1.0
1261,ALOSETRON HCL,0.0,0.0,8.0
1262,AMPICILLIN SODIUM/SULBACTAM NA,0.0,0.0,0.0
1263,QUINIDINE GLUCONATE,0.0,0.0,1.0
1264,METHYLPREDNISOLONE SOD SUCC,0.0,0.0,0.0
1265,OXACILLIN SODIUM,0.0,0.0,1.0
1266,MINOCYCLINE HCL MICROSPHERES,0.0,0.0,0.0
1267,PRENATAL VIT NO.73/IRON/FA,0.0,0.0,0.0
1268,OXALIPLATIN,0.0,0.0,3.0
1269,DEGARELIX ACETATE,0.0,0.0,0.0
1270,INDINAVIR SULFATE,0.0,0.0,1.0
1271,SODIUM CHLORIDE FOR INHALATION,0.0,0.0,0.0
1272,CEFTIBUTEN DIHYDRATE,0.0,0.0,0.0
1273,TREPROSTINIL DIOLAMINE,0.0,0.0,13.0
1274,CHLOROTHIAZIDE,0.0,0.0,0.0
1275,NORGESTIMATE-ETHINYL ESTRADIOL,0.0,2.0,1.0
1276,DESOGESTREL-ETHINYL ESTRADIOL,0.0,0.0,0.0
1277,LEVOCARNITINE (WITH SUGAR),0.0,0.0,0.0
1278,BOCEPREVIR,0.0,0.0,0.0
1279,ETHINYL ESTRADIOL/DROSPIRENONE,0.0,0.0,1.0
1280,NORETHINDRONE-E.ESTRADIOL-IRON,0.0,1.0,1.0
1281,DESOG-E.ESTRADIOL/E.ESTRADIOL,0.0,0.0,0.0
1282,NORETHINDRONE,0.0,0.0,0.0
1283,PAROXETINE MESYLATE,0.0,0.0,1.0
1284,FENTANYL CITRATE,0.0,0.0,33.0
1285,STAVUDINE,0.0,0.0,1.0
1286,OLANZAPINE PAMOATE,0.0,0.0,6.0
1287,NORETH-ETHINYL ESTRADIOL/IRON,0.0,0.0,0.0
1288,NEOMY SULF/BACITRA/POLYMYXIN B,0.0,0.0,0.0
1289,AFATINIB DIMALEATE,0.0,0.0,12.0
1290,ABATACEPT/MALTOSE,0.0,0.0,13.0
1291,MEPROBAMATE,0.0,0.0,2.0
1292,METHYLPHENIDATE,0.0,0.0,0.0
1293,NITROFURANTOIN,0.0,0.0,1.0
1294,METHAMPHETAMINE HCL,0.0,0.0,1.0
1295,TREPROSTINIL/NEB ACCESSORIES,0.0,0.0,2.0
1296,EZOGABINE,0.0,0.0,2.0
1297,VANDETANIB,0.0,0.0,4.0
1298,"PNV WITH CA,NO.72/IRON,CARB/FA",0.0,0.0,0.0
1299,FROVATRIPTAN SUCCINATE,0.0,0.0,2.0
1300,FLUOXYMESTERONE,0.0,0.0,0.0
1301,VIGABATRIN,0.0,0.0,16.0
1302,"INTERFERON GAMMA-1B,RECOMB.",0.0,0.0,12.0
1303,FLURANDRENOLIDE,0.0,0.0,1.0
1304,OLSALAZINE SODIUM,0.0,0.0,1.0
1305,FENOPROFEN CALCIUM,0.0,0.0,0.0
1306,BOSUTINIB,0.0,0.0,10.0
1307,OCTREOTIDE ACETATE,0.0,0.0,23.0
1308,NALTREXONE MICROSPHERES,0.0,0.0,2.0
1309,"MENING VAC A,C,Y,W-135 DIP/PF",0.0,0.0,0.0
1310,TOLVAPTAN,0.0,0.0,12.0
1311,TRIMIPRAMINE MALEATE,0.0,0.0,0.0
1312,NORETHINDRONE-MESTRANOL,0.0,0.0,0.0
1313,HYDROCORTISONE SOD SUCCINATE,0.0,0.0,0.0
1314,BORTEZOMIB,0.0,0.0,8.0
1315,NAFCILLIN SODIUM,0.0,0.0,1.0
1316,LANREOTIDE ACETATE,0.0,0.0,5.0
1317,MILRINONE LACTATE/D5W,0.0,0.0,0.0
1318,BELIMUMAB,0.0,0.0,4.0
1319,RIFABUTIN,0.0,0.0,1.0
1320,PROPRANOLOL/HYDROCHLOROTHIAZID,0.0,0.0,0.0
1321,ALGLUCOSIDASE ALFA,0.0,0.0,7.0
1322,DESVENLAFAXINE,0.0,0.0,0.0
1323,HYDROXYPROPYL CELLULOSE,0.0,0.0,1.0
1324,DOXYCYCLINE CALCIUM,0.0,0.0,0.0
1325,ALMOTRIPTAN MALATE,0.0,0.0,1.0
1326,CITRIC ACID/SODIUM CITRATE,0.0,0.0,0.0
1327,MAGNESIUM SULFATE IN WATER,0.0,0.0,0.0
1328,QUINIDINE SULFATE,0.0,0.0,0.0
1329,TICLOPIDINE HCL,0.0,0.0,0.0
1330,GEMIFLOXACIN MESYLATE,0.0,0.0,0.0
1331,CHLORPROPAMIDE,0.0,0.0,0.0
1332,FENOFIBRIC ACID,0.0,0.0,0.0
1333,HYDROCORTISONE/PRAMOXINE,0.0,0.0,0.0
1334,HYDROCORTISONE ACETATE,0.0,0.0,0.0
1335,ALISKIREN/AMLODIPIN/HCTHIAZIDE,0.0,0.0,0.0
1336,TELMISARTAN/AMLODIPINE,0.0,0.0,0.0
1337,ALBENDAZOLE,0.0,0.0,2.0
1338,DYPHYLLINE,0.0,0.0,0.0
1339,POT CHLORIDE/POT BICARB/CIT AC,0.0,0.0,0.0
1340,"ESTROGENS,CONJ.,SYNTHETIC A",0.0,0.0,0.0
1341,PNV119/IRON FUMARATE/FA/DSS,0.0,0.0,0.0
1342,NILUTAMIDE,0.0,0.0,7.0
1343,BUPROPION HBR,0.0,0.0,1.0
1344,AA 3%/ELECTROLYTE-TPN SOLN/GLY,0.0,0.0,0.0
1345,EPROSARTAN MESYLATE,0.0,0.0,0.0
1346,METHENAM/ME BLUE/BA/SALICY/HYO,0.0,0.0,0.0
1347,ADAPALENE,0.0,0.0,0.0
1348,PACLITAXEL,0.0,0.0,0.0
1349,POTASSIUM CHLORIDE-0.45% NACL,0.0,0.0,0.0
1350,ERGOTAMINE TARTRATE/CAFFEINE,0.0,0.0,1.0
1351,RETAPAMULIN,0.0,0.0,0.0
1352,GRISEOFULVIN ULTRAMICROSIZE,0.0,0.0,1.0
1353,CASPOFUNGIN ACETATE,0.0,0.0,1.0
1354,ALUMINUM CHLORIDE,0.0,0.0,0.0
1355,NEOMYCIN/BACITRA/POLYMYXIN/HC,0.0,0.0,0.0
1356,RIMANTADINE HCL,0.0,0.0,0.0
1357,AFLIBERCEPT,0.0,0.0,2.0
1358,MIDAZOLAM HCL/PF,0.0,0.0,0.0
1359,TOLBUTAMIDE,0.0,0.0,0.0
1360,PAPAVERINE HCL,0.0,0.0,0.0
1361,DOBUTAMINE HCL/D5W,0.0,0.0,0.0
1362,VELAGLUCERASE ALFA,0.0,0.0,5.0
1363,HEPATITIS B VIRUS VACCINE/PF,0.0,0.0,0.0
1364,TRIPTORELIN PAMOATE,0.0,0.0,7.0
1365,BISMUTH/METRONID/TETRACYCLINE,0.0,0.0,1.0
1366,PYRAZINAMIDE,0.0,0.0,0.0
1367,KETOROLAC TROMETHAMINE/PF,0.0,0.0,0.0
1368,PHENTOLAMINE MESYLATE,0.0,0.0,0.0
1369,"SYRNGE&NEEDLE,INSLN,1ML&SHARPS",0.0,0.0,0.0
1370,FENTANYL CITRATE/PF,0.0,0.0,0.0
1371,TRETINOIN MICROSPHERES,0.0,0.0,0.0
1372,ESTRADIOL VALERATE,0.0,0.0,0.0
1373,LINDANE,0.0,0.0,0.0
1374,FOSAPREPITANT DIMEGLUMINE,0.0,0.0,0.0
1375,ARTEMETHER/LUMEFANTRINE,0.0,0.0,0.0
1376,"HEPARIN SODIUM,PORCINE/PF",0.0,0.0,0.0
1377,"IRON,CARBONYL/FA/MULTIVIT-MIN",0.0,0.0,0.0
1378,AZTREONAM LYSINE,0.0,0.0,10.0
1379,ESOMEPRAZOLE SODIUM,0.0,0.0,0.0
1380,GLYCEROL PHENYLBUTYRATE,0.0,0.0,10.0
1381,NEOMY SULF/BACITRAC ZN/POLY/HC,0.0,0.0,0.0
1382,PENICILLAMINE,0.0,0.0,4.0
1383,LODOXAMIDE TROMETHAMINE,0.0,0.0,0.0
1384,DORIPENEM,0.0,0.0,0.0
1385,DORNASE ALFA,0.0,0.0,1.0
1386,BEVACIZUMAB,0.0,0.0,15.0
1387,PARENTERAL AMINO ACID 15% NO.2,0.0,0.0,0.0
1388,DIAZOXIDE,0.0,0.0,0.0
1389,PANITUMUMAB,0.0,0.0,0.0
1390,IMIGLUCERASE,0.0,0.0,7.0
1391,SARGRAMOSTIM,0.0,0.0,7.0
1392,TIOPRONIN,0.0,0.0,0.0
1393,EPROSARTAN/HYDROCHLOROTHIAZIDE,0.0,0.0,0.0
1394,PRENATAL VIT NO.78/IRON/FA,0.0,0.0,0.0
1395,RIFAPENTINE,0.0,0.0,0.0
1396,MEPENZOLATE BROMIDE,0.0,0.0,0.0
1397,"NA PHOS,M-B/K PHOS,MONOB",0.0,0.0,0.0
1398,FLUOROMETHOLONE ACETATE,0.0,0.0,0.0
1399,CETUXIMAB,0.0,0.0,2.0
1400,SERTACONAZOLE NITRATE,0.0,0.0,0.0
1401,MICONAZOLE NITRATE/ZINC OX/PET,0.0,0.0,0.0
1402,TOREMIFENE CITRATE,0.0,0.0,1.0
1403,DOXORUBICIN HCL,0.0,0.0,0.0
1404,DOBUTAMINE HCL,0.0,0.0,0.0
1405,EFINACONAZOLE,0.0,0.0,0.0
1406,PAMIDRONATE DISODIUM,0.0,0.0,0.0
1407,PNEUMOC 13-VAL CONJ-DIP CRM/PF,0.0,0.0,0.0
1408,CERITINIB,0.0,0.0,0.0
1409,MIPOMERSEN SODIUM,0.0,0.0,1.0
1410,INCOBOTULINUMTOXINA,0.0,0.0,0.0
1411,L-NORGEST-ETH ESTR/ETHIN ESTRA,0.0,0.0,0.0
1412,CABOZANTINIB S-MALATE,0.0,0.0,2.0
1413,PONATINIB HCL,0.0,0.0,3.0
1414,"CEFAZOLIN SODIUM/DEXTROSE,ISO",0.0,0.0,0.0
1415,SINECATECHINS,0.0,0.0,0.0
1416,PNV COMBO#47/IRON/FA #1/DHA,0.0,0.0,0.0
1417,ESTRADIOL VALERATE/DIENOGEST,0.0,0.0,0.0
1418,CALCIUM GLUCONATE,0.0,0.0,0.0
1419,LIDOCAINE/TETRACAINE,0.0,0.0,0.0
1420,GAUZE BANDAGE,0.0,0.0,0.0
1421,SITAGLIPTIN/SIMVASTATIN,0.0,0.0,0.0
1422,AZACITIDINE,0.0,0.0,1.0
1423,HOMATROPINE HBR,0.0,0.0,0.0
1424,ESTRAMUSTINE PHOSPHATE SODIUM,0.0,0.0,0.0
1425,"POLIOMYELITIS VACCINE, KILLED",0.0,0.0,0.0
1426,GOSERELIN ACETATE,0.0,0.0,0.0
1427,BCG LIVE,0.0,0.0,0.0
1428,MECHLORETHAMINE HCL,0.0,0.0,2.0
1429,MAFENIDE ACETATE,0.0,0.0,0.0
1430,"FAMOTIDINE IN NACL,ISO-OSM/PF",0.0,0.0,0.0
1431,PEGINTERFERON BETA-1A,0.0,0.0,0.0
1432,TRIAMCINOLONE ACETONIDE/PF,0.0,0.0,0.0
1433,CHENODIOL,0.0,0.0,6.0
1434,CHOLINE SAL/MAG SALICYLATE,0.0,0.0,0.0
1435,MOXIFLOXACIN IN NACL (ISO-OSM),0.0,0.0,0.0
1436,SOD/POT/K CIT/SOD CIT/CIT ACID,0.0,0.0,0.0
1437,"CEFTAZIDIME NA/DEXTROSE,ISO",0.0,0.0,0.0
1438,CARISOPRODOL/ASPIRIN,0.0,0.0,0.0
1439,ALDESLEUKIN,0.0,0.0,0.0
1440,PHENYTOIN SODIUM,0.0,0.0,0.0
1441,VORINOSTAT,0.0,0.0,2.0
1442,PROCHLORPERAZINE EDISYLATE,0.0,0.0,0.0
1443,CYANOCOBALAMIN/FA/PYRIDOXINE,0.0,0.0,0.0
1444,METHYLTESTOSTERONE,0.0,0.0,1.0
1445,AGALSIDASE BETA,0.0,0.0,8.0
1446,TELAPREVIR,0.0,0.0,0.0
1447,LARONIDASE,0.0,0.0,2.0
1448,AMINOLEVULINIC ACID HCL,0.0,0.0,0.0
1449,PNV #19/IRON PS&HEME/FOLIC/DHA,0.0,0.0,0.0
1450,PEMBROLIZUMAB,0.0,0.0,0.0
1451,CARGLUMIC ACID,0.0,0.0,2.0
1452,ROSIGLITAZONE/METFORMIN HCL,0.0,0.0,0.0
1453,PRENATAL VIT NO.44/IRON/FA/DHA,0.0,0.0,0.0
1454,"SYR-ND,INS,0.5/CONTAINER,EMPTY",0.0,0.0,0.0
1455,ABOBOTULINUMTOXINA,0.0,0.0,0.0
1456,PNV22/IRON CBN&GLUC/FA/DSS/DHA,0.0,0.0,0.0
1457,CHLOROTHIAZIDE SODIUM,0.0,0.0,0.0
1458,PNV NO.15/IRON FUM & PS CMP/FA,0.0,0.0,0.0
1459,PEGADEMASE BOVINE,0.0,0.0,1.0
1460,VINORELBINE TARTRATE,0.0,0.0,0.0
1461,ETOPOSIDE,0.0,0.0,0.0
1462,AA 4.25%/CALCIUM/LYTES/D25W,0.0,0.0,0.0
1463,D-METHORPHAN HB/P-EPD HCL/BPM,0.0,0.0,0.0
1464,BUPIVACAINE HCL,0.0,0.0,0.0
1465,PHENTERMINE HCL,0.0,0.0,0.0
1466,ALPROSTADIL,0.0,0.0,0.0
1467,MIGLUSTAT,0.0,0.0,1.0
1468,PNV COMBO #22/IRON/FA/OM3/DHA,0.0,0.0,0.0
1469,PNV#16/IRON FUM & PS/FA/OM-3,0.0,0.0,0.0
1470,ALTRETAMINE,0.0,0.0,0.0
1471,ERIBULIN MESYLATE,0.0,0.0,0.0
1472,PROPARACAINE HCL,0.0,0.0,0.0
1473,DROXIDOPA,0.0,0.0,0.0
1474,DIHYDROCODEINE/ASPIRIN/CAFFEIN,0.0,0.0,0.0
1475,CLINDAMYCIN/TRETINOIN,0.0,0.0,0.0
1476,AMINO ACIDS 5 %/DEXTROSE 25 %,0.0,0.0,0.0
1477,CIPROFLOXACIN,0.0,0.0,0.0
1478,PENICILLIN G SODIUM,0.0,0.0,0.0
1479,TRIAMCINOLONE HEXACETONIDE,0.0,0.0,0.0
1480,GALSULFASE,0.0,0.0,5.0
1481,SODIUM CHLORIDE 3 %,0.0,0.0,0.0
1482,AMINO ACIDS 5 %/DEXTROSE 15 %,0.0,0.0,0.0
1483,BELATACEPT,0.0,0.0,0.0
1484,"POTASSIUM PHOS,M-BASIC-D-BASIC",0.0,0.0,0.0
1485,FEXOFENADINE HCL,0.0,0.0,0.0
1486,ACETIC ACID/OXYQUINOLINE,0.0,0.0,0.0
1487,TASIMELTEON,0.0,0.0,0.0
1488,PEDI MVI NO.16 WITH FLUORIDE,0.0,0.0,0.0
1489,IDELALISIB,0.0,0.0,0.0
1490,MESNA,0.0,0.0,0.0
1491,PENTAMIDINE ISETHIONATE,0.0,0.0,0.0
1492,DHCODEINE BT/ACETAMINOPHN/CAFF,0.0,0.0,0.0
1493,OBINUTUZUMAB,0.0,0.0,0.0
1494,PNV #35/IRON/FA #6/DHA,0.0,0.0,0.0
1495,METHEN/SOD PHOS/METH BLUE/HYOS,0.0,0.0,0.0
1496,JAPANESE ENCEPHALITIS VACC/PF,0.0,0.0,0.0
1497,DEXTROSE 50 % IN WATER,0.0,0.0,0.0
1498,LEVOMEFOLATE CALCIUM,0.0,0.0,0.0
1499,DOLASETRON MESYLATE,0.0,0.0,0.0
1500,TBO-FILGRASTIM,0.0,0.0,0.0
1501,PENBUTOLOL SULFATE,0.0,0.0,0.0
1502,PLERIXAFOR,0.0,0.0,0.0
1503,PNV W-CA NO.37/IRON/FA/OMEGA-3,0.0,0.0,0.0
1504,CEFEPIME HCL/D5W,0.0,0.0,0.0
1505,AA 5 %/CALCIUM/LYTES/DEXT 20 %,0.0,0.0,0.0
1506,ERY E-SUCC/SULFISOXAZOLE,0.0,0.0,0.0
1507,PARENTERAL AMINO ACID 10% NO.2,0.0,0.0,0.0
1508,PARENTERAL AMINO ACID 10% NO.4,0.0,0.0,0.0
1509,EPINEPHRINE HCL/PF,0.0,0.0,0.0
1510,PN85/IRON CB&ASP G/FA/DHA/FISH,0.0,0.0,0.0
1511,PNV 11-IRON FUM-FOLIC ACID-OM3,0.0,0.0,0.0
1512,METYROSINE,0.0,0.0,0.0
1513,PNV54/IRON B-G HCL-P/FA/OMEGA3,0.0,0.0,0.0
1514,PRENATAL VIT 16/IRON CB/FA/DSS,0.0,0.0,0.0
1515,SODIUM CHLORIDE 5 %,0.0,0.0,0.0
1516,POLYHEXAM BIGUAN/GAUZE BANDAGE,0.0,0.0,0.0
1517,ACETAMINOPHEN/PHENYLTOLX,0.0,0.0,0.0
1518,BRENTUXIMAB VEDOTIN,0.0,0.0,0.0
1519,FLUDARABINE PHOSPHATE,0.0,0.0,0.0
1520,PENICILLIN G PROCAINE,0.0,0.0,0.0
1521,ANTHRALIN,0.0,0.0,0.0
1522,MICONAZOLE NITRATE,0.0,0.0,0.0
1523,MAGNESIUM CHLORIDE,0.0,0.0,0.0
1524,DOPAMINE HCL/D5W,0.0,0.0,0.0
1525,RIMABOTULINUMTOXINB,0.0,0.0,0.0
1526,"HC/MINERAL OIL/PETROLAT,WHT",0.0,0.0,0.0
1527,B COMPLEX WITH VITAMIN C,0.0,0.0,0.0
1528,PENTOSTATIN,0.0,0.0,0.0
1529,TETRACAINE HCL,0.0,0.0,0.0
1530,DEXTROSE 10 % AND 0.45 % NACL,0.0,0.0,0.0
1531,FOSPHENYTOIN SODIUM,0.0,0.0,0.0
1532,DEXTROSE,0.0,0.0,0.0
1533,CEFTAZIDIME IN DEXTROSE5%WATER,0.0,0.0,0.0
1534,IXABEPILONE,0.0,0.0,0.0
1535,PNV #38/IRON FUM/FOLATE/DHA,0.0,0.0,0.0
1536,PNV NO.22/IRON CBN&GLUC/FA/DSS,0.0,0.0,0.0
1537,"HEPARIN SODIUM,PORCINE/D5W",0.0,0.0,0.0
1538,DEXTROSE 5 % AND 0.3 % NACL,0.0,0.0,0.0
